MPIO_CNMBR,DPTO_CNMBR,MPIO_CDPMP,pob_dane_2025,Hab_km2_2025,Tp_Ru_2025,Desc,Muni_Nom_Cruce,Nivel_Castigo
MEDELLÍN,ANTIOQUIA,5001,2634570,70341.0,1,Ciudades y Aglomeraciones,Medellin,1.0
ABEJORRAL,ANTIOQUIA,5002,21622,427.0,3,Rural,Abejorral,3.0
ABRIAQUÍ,ANTIOQUIA,5004,2872,97.0,4,Rural Disperso,Abriaqui,3.0
ALEJANDRÍA,ANTIOQUIA,5021,4989,387.0,3,Rural,Alejandria,3.0
AMAGÁ,ANTIOQUIA,5030,32628,3881.0,1,Ciudades y Aglomeraciones,Amaga,1.0
AMALFI,ANTIOQUIA,5031,28059,232.0,3,Rural,Amalfi,3.0
ANDES,ANTIOQUIA,5034,46485,1156.0,1,Ciudades y Aglomeraciones,Andes,1.0
ANGELÓPOLIS,ANTIOQUIA,5036,6183,756.0,2,Intermedio,Angelopolis,2.0
ANGOSTURA,ANTIOQUIA,5038,12190,360.0,3,Rural,Angostura,3.0
ANORÍ,ANTIOQUIA,5040,19812,140.0,3,Rural,Anori,3.0
SANTA FÉ DE ANTIOQUIA,ANTIOQUIA,5042,28246,537.0,2,Intermedio,Santa Fe De Antioquia,3.0
ANZÁ,ANTIOQUIA,5044,7537,295.0,3,Rural,Anza,2.0
APARTADÓ,ANTIOQUIA,5045,132328,2477.0,1,Ciudades y Aglomeraciones,Apartado,3.0
ARBOLETES,ANTIOQUIA,5051,32478,431.0,3,Rural,Arboletes,2.0
ARGELIA,ANTIOQUIA,5055,8075,329.0,3,Rural,Argelia,3.0
ARMENIA,ANTIOQUIA,5059,5450,494.0,3,Rural,Armenia,2.0
BARBOSA,ANTIOQUIA,5079,56505,2749.0,1,Ciudades y Aglomeraciones,Barbosa,1.0
BELMIRA,ANTIOQUIA,5086,6436,217.0,3,Rural,Belmira,2.0
BELLO,ANTIOQUIA,5088,570329,38642.0,1,Ciudades y Aglomeraciones,Bello,1.0
BETANIA,ANTIOQUIA,5091,10985,609.0,2,Intermedio,Betania,2.0
BETULIA,ANTIOQUIA,5093,16722,638.0,2,Intermedio,Betulia,2.0
CIUDAD BOLÍVAR,ANTIOQUIA,5101,27884,1058.0,1,Ciudades y Aglomeraciones,Ciudad Bolivar,1.0
BRICEÑO,ANTIOQUIA,5107,8599,229.0,3,Rural,Briceno,3.0
BURITICÁ,ANTIOQUIA,5113,10105,285.0,3,Rural,Buritica,2.0
CÁCERES,ANTIOQUIA,5120,31368,167.0,3,Rural,Caceres,3.0
CAICEDO,ANTIOQUIA,5125,8938,447.0,3,Rural,Caicedo,3.0
CALDAS,ANTIOQUIA,5129,86667,6533.0,1,Ciudades y Aglomeraciones,Caldas,1.0
CAMPAMENTO,ANTIOQUIA,5134,9839,424.0,3,Rural,Campamento,3.0
CAÑASGORDAS,ANTIOQUIA,5138,16487,452.0,3,Rural,Canasgordas,2.0
CARACOLÍ,ANTIOQUIA,5142,4850,185.0,3,Rural,Caracoli,2.0
CARAMANTA,ANTIOQUIA,5145,4973,541.0,2,Intermedio,Caramanta,2.0
CAREPA,ANTIOQUIA,5147,52540,1359.0,1,Ciudades y Aglomeraciones,Carepa,3.0
EL CARMEN DE VIBORAL,ANTIOQUIA,5148,64717,1528.0,1,Ciudades y Aglomeraciones,El Carmen De Viboral,1.0
CAROLINA,ANTIOQUIA,5150,4242,284.0,3,Rural,Carolina,2.0
CAUCASIA,ANTIOQUIA,5154,98488,690.0,2,Intermedio,Caucasia,3.0
CHIGORODÓ,ANTIOQUIA,5172,62675,870.0,2,Intermedio,Chigorodo,3.0
CISNEROS,ANTIOQUIA,5190,10495,2239.0,1,Ciudades y Aglomeraciones,Cisneros,1.0
COCORNÁ,ANTIOQUIA,5197,16686,690.0,2,Intermedio,Cocorna,3.0
CONCEPCIÓN,ANTIOQUIA,5206,5093,252.0,3,Rural,Concepcion,3.0
CONCORDIA,ANTIOQUIA,5209,22905,925.0,2,Intermedio,Concordia,2.0
COPACABANA,ANTIOQUIA,5212,84787,12503.0,1,Ciudades y Aglomeraciones,Copacabana,1.0
DABEIBA,ANTIOQUIA,5234,24765,127.0,3,Rural,Dabeiba,3.0
DONMATÍAS,ANTIOQUIA,5237,20498,1009.0,1,Ciudades y Aglomeraciones,Donmatias,1.0
EBÉJICO,ANTIOQUIA,5240,12914,544.0,2,Intermedio,Ebejico,2.0
EL BAGRE,ANTIOQUIA,5250,56681,363.0,3,Rural,El Bagre,3.0
ENTRERRÍOS,ANTIOQUIA,5264,12158,568.0,2,Intermedio,Entrerrios,2.0
ENVIGADO,ANTIOQUIA,5266,250012,30022.0,1,Ciudades y Aglomeraciones,Envigado,1.0
FREDONIA,ANTIOQUIA,5282,26163,1016.0,1,Ciudades y Aglomeraciones,Fredonia,1.0
FRONTINO,ANTIOQUIA,5284,22049,160.0,3,Rural,Frontino,3.0
GIRALDO,ANTIOQUIA,5306,5988,642.0,2,Intermedio,Giraldo,2.0
GIRARDOTA,ANTIOQUIA,5308,56312,6800.0,1,Ciudades y Aglomeraciones,Girardota,1.0
GÓMEZ PLATA,ANTIOQUIA,5310,10464,315.0,3,Rural,Gomez Plata,2.0
GRANADA,ANTIOQUIA,5313,10855,571.0,2,Intermedio,Granada,3.0
GUADALUPE,ANTIOQUIA,5315,7015,594.0,2,Intermedio,Guadalupe,3.0
GUARNE,ANTIOQUIA,5318,60148,3963.0,1,Ciudades y Aglomeraciones,Guarne,1.0
GUATAPÉ,ANTIOQUIA,5321,9072,1089.0,1,Ciudades y Aglomeraciones,Guatape,1.0
HELICONIA,ANTIOQUIA,5347,5754,501.0,2,Intermedio,Heliconia,2.0
HISPANIA,ANTIOQUIA,5353,5876,1086.0,1,Ciudades y Aglomeraciones,Hispania,1.0
ITAGÜÍ,ANTIOQUIA,5360,301428,153516.0,1,Ciudades y Aglomeraciones,Itagui,1.0
ITUANGO,ANTIOQUIA,5361,29074,102.0,3,Rural,Ituango,3.0
JARDÍN,ANTIOQUIA,5364,15637,778.0,2,Intermedio,Jardin,2.0
JERICÓ,ANTIOQUIA,5368,14576,712.0,2,Intermedio,Jerico,2.0
LA CEJA,ANTIOQUIA,5376,70868,5343.0,1,Ciudades y Aglomeraciones,La Ceja,1.0
LA ESTRELLA,ANTIOQUIA,5380,78143,21344.0,1,Ciudades y Aglomeraciones,La Estrella,1.0
LA PINTADA,ANTIOQUIA,5390,8689,1591.0,1,Ciudades y Aglomeraciones,La Pintada,1.0
LA UNIÓN,ANTIOQUIA,5400,23240,1386.0,1,Ciudades y Aglomeraciones,La Union,1.0
LIBORINA,ANTIOQUIA,5411,10709,495.0,3,Rural,Liborina,2.0
MACEO,ANTIOQUIA,5425,8785,227.0,3,Rural,Maceo,2.0
MARINILLA,ANTIOQUIA,5440,70392,6132.0,1,Ciudades y Aglomeraciones,Marinilla,1.0
MONTEBELLO,ANTIOQUIA,5467,7062,930.0,2,Intermedio,Montebello,3.0
MURINDÓ,ANTIOQUIA,5475,5332,42.0,4,Rural Disperso,Murindo,3.0
MUTATÁ,ANTIOQUIA,5480,15148,141.0,3,Rural,Mutata,3.0
NARIÑO,ANTIOQUIA,5483,10889,344.0,3,Rural,Narino,3.0
NECOCLÍ,ANTIOQUIA,5490,45834,366.0,3,Rural,Necocli,3.0
NECHÍ,ANTIOQUIA,5495,28100,300.0,3,Rural,Nechi,3.0
OLAYA,ANTIOQUIA,5501,3350,385.0,3,Rural,Olaya,2.0
PEÑOL,ANTIOQUIA,5541,22736,1922.0,1,Ciudades y Aglomeraciones,Penol,1.0
PEQUE,ANTIOQUIA,5543,8717,201.0,3,Rural,Peque,2.0
PUEBLORRICO,ANTIOQUIA,5576,9280,1231.0,1,Ciudades y Aglomeraciones,Pueblorrico,1.0
PUERTO BERRÍO,ANTIOQUIA,5579,42468,348.0,3,Rural,Puerto Berrio,3.0
PUERTO NARE,ANTIOQUIA,5585,15350,229.0,3,Rural,Puerto Nare,2.0
PUERTO TRIUNFO,ANTIOQUIA,5591,19688,533.0,2,Intermedio,Puerto Triunfo,2.0
REMEDIOS,ANTIOQUIA,5604,30723,156.0,3,Rural,Remedios,3.0
RETIRO,ANTIOQUIA,5607,25589,1075.0,1,Ciudades y Aglomeraciones,Retiro,1.0
RIONEGRO,ANTIOQUIA,5615,147907,7553.0,1,Ciudades y Aglomeraciones,Rionegro,1.0
SABANALARGA,ANTIOQUIA,5628,9731,366.0,3,Rural,Sabanalarga,2.0
SABANETA,ANTIOQUIA,5631,90253,57057.0,1,Ciudades y Aglomeraciones,Sabaneta,1.0
SALGAR,ANTIOQUIA,5642,19448,675.0,2,Intermedio,Salgar,3.0
SAN ANDRÉS DE CUERQUÍA,ANTIOQUIA,5647,7697,372.0,3,Rural,San Andres De Cuerquia,3.0
SAN CARLOS,ANTIOQUIA,5649,17103,238.0,3,Rural,San Carlos,3.0
SAN FRANCISCO,ANTIOQUIA,5652,6048,170.0,3,Rural,San Francisco,3.0
SAN JERÓNIMO,ANTIOQUIA,5656,16609,1031.0,1,Ciudades y Aglomeraciones,San Jeronimo,1.0
SAN JOSÉ DE LA MONTAÑA,ANTIOQUIA,5658,3941,313.0,3,Rural,San Jose De La Montana,2.0
SAN JUAN DE URABÁ,ANTIOQUIA,5659,21853,869.0,2,Intermedio,San Juan De Uraba,2.0
SAN LUIS,ANTIOQUIA,5660,13893,326.0,3,Rural,San Luis,3.0
SAN PEDRO DE LOS MILAGROS,ANTIOQUIA,5664,23751,1076.0,1,Ciudades y Aglomeraciones,San Pedro De Los Milagros,1.0
SAN PEDRO DE URABÁ,ANTIOQUIA,5665,33393,555.0,2,Intermedio,San Pedro De Uraba,3.0
SAN RAFAEL,ANTIOQUIA,5667,16753,460.0,3,Rural,San Rafael,3.0
SAN ROQUE,ANTIOQUIA,5670,23105,544.0,2,Intermedio,San Roque,2.0
SAN VICENTE FERRER,ANTIOQUIA,5674,23714,1029.0,1,Ciudades y Aglomeraciones,San Vicente Ferrer,1.0
SANTA BÁRBARA,ANTIOQUIA,5679,28051,1431.0,1,Ciudades y Aglomeraciones,Santa Barbara,1.0
SANTA ROSA DE OSOS,ANTIOQUIA,5686,39340,455.0,3,Rural,Santa Rosa De Osos,2.0
SANTO DOMINGO,ANTIOQUIA,5690,13163,495.0,3,Rural,Santo Domingo,3.0
EL SANTUARIO,ANTIOQUIA,5697,38386,4602.0,1,Ciudades y Aglomeraciones,El Santuario,1.0
SEGOVIA,ANTIOQUIA,5736,41222,366.0,3,Rural,Segovia,3.0
SONSÓN,ANTIOQUIA,5756,38784,288.0,3,Rural,Sonson,3.0
SOPETRÁN,ANTIOQUIA,5761,16200,743.0,2,Intermedio,Sopetran,2.0
TÁMESIS,ANTIOQUIA,5789,17270,685.0,2,Intermedio,Tamesis,2.0
TARAZÁ,ANTIOQUIA,5790,29306,255.0,3,Rural,Taraza,3.0
TARSO,ANTIOQUIA,5792,6593,548.0,2,Intermedio,Tarso,2.0
TITIRIBÍ,ANTIOQUIA,5809,11457,817.0,2,Intermedio,Titiribi,2.0
TOLEDO,ANTIOQUIA,5819,5296,394.0,3,Rural,Toledo,3.0
TURBO,ANTIOQUIA,5837,135464,464.0,3,Rural,Turbo,3.0
URAMITA,ANTIOQUIA,5842,7329,276.0,3,Rural,Uramita,3.0
URRAO,ANTIOQUIA,5847,32366,126.0,3,Rural,Urrao,3.0
VALDIVIA,ANTIOQUIA,5854,14823,261.0,3,Rural,Valdivia,3.0
VALPARAÍSO,ANTIOQUIA,5856,6966,552.0,2,Intermedio,Valparaiso,2.0
VEGACHÍ,ANTIOQUIA,5858,12644,234.0,3,Rural,Vegachi,3.0
VENECIA,ANTIOQUIA,5861,12407,889.0,2,Intermedio,Venecia,2.0
VIGÍA DEL FUERTE,ANTIOQUIA,5873,9827,59.0,4,Rural Disperso,Vigia Del Fuerte,3.0
YALÍ,ANTIOQUIA,5885,8152,185.0,3,Rural,Yali,3.0
YARUMAL,ANTIOQUIA,5887,44770,629.0,2,Intermedio,Yarumal,3.0
YOLOMBÓ,ANTIOQUIA,5890,24178,239.0,3,Rural,Yolombo,3.0
YONDÓ,ANTIOQUIA,5893,20870,110.0,3,Rural,Yondo,3.0
ZARAGOZA,ANTIOQUIA,5895,26392,226.0,3,Rural,Zaragoza,3.0
BARRANQUILLA,ATLÁNTICO,8001,1342818,87066.0,1,Ciudades y Aglomeraciones,Barranquilla,3.0
BARANOA,ATLÁNTICO,8078,70200,5786.0,1,Ciudades y Aglomeraciones,Baranoa,3.0
CAMPO DE LA CRUZ,ATLÁNTICO,8137,25218,2522.0,1,Ciudades y Aglomeraciones,Campo De La Cruz,3.0
CANDELARIA,ATLÁNTICO,8141,17839,1314.0,1,Ciudades y Aglomeraciones,Candelaria,3.0
GALAPA,ATLÁNTICO,8296,69022,7080.0,1,Ciudades y Aglomeraciones,Galapa,3.0
JUAN DE ACOSTA,ATLÁNTICO,8372,23730,1414.0,1,Ciudades y Aglomeraciones,Juan De Acosta,3.0
LURUACO,ATLÁNTICO,8421,31388,1400.0,1,Ciudades y Aglomeraciones,Luruaco,3.0
MALAMBO,ATLÁNTICO,8433,144883,14795.0,1,Ciudades y Aglomeraciones,Malambo,3.0
MANATÍ,ATLÁNTICO,8436,22014,1028.0,1,Ciudades y Aglomeraciones,Manati,3.0
PALMAR DE VARELA,ATLÁNTICO,8520,32573,3528.0,1,Ciudades y Aglomeraciones,Palmar De Varela,3.0
PIOJÓ,ATLÁNTICO,8549,7374,292.0,3,Rural,Piojo,3.0
POLONUEVO,ATLÁNTICO,8558,20317,2751.0,1,Ciudades y Aglomeraciones,Polonuevo,3.0
PONEDERA,ATLÁNTICO,8560,26872,1301.0,1,Ciudades y Aglomeraciones,Ponedera,3.0
PUERTO COLOMBIA,ATLÁNTICO,8573,55835,8043.0,1,Ciudades y Aglomeraciones,Puerto Colombia,3.0
REPELÓN,ATLÁNTICO,8606,29193,814.0,2,Intermedio,Repelon,3.0
SABANAGRANDE,ATLÁNTICO,8634,36547,8479.0,1,Ciudades y Aglomeraciones,Sabanagrande,3.0
SABANALARGA,ATLÁNTICO,8638,104983,2653.0,1,Ciudades y Aglomeraciones,Sabanalarga,3.0
SANTA LUCÍA,ATLÁNTICO,8675,18054,3148.0,1,Ciudades y Aglomeraciones,Santa Lucia,3.0
SANTO TOMÁS,ATLÁNTICO,8685,33555,5163.0,1,Ciudades y Aglomeraciones,Santo Tomas,3.0
SOLEDAD,ATLÁNTICO,8758,686339,115645.0,1,Ciudades y Aglomeraciones,Soledad,3.0
SUAN,ATLÁNTICO,8770,13274,3120.0,1,Ciudades y Aglomeraciones,Suan,3.0
TUBARÁ,ATLÁNTICO,8832,19362,1059.0,1,Ciudades y Aglomeraciones,Tubara,3.0
USIACURÍ,ATLÁNTICO,8849,13779,1359.0,1,Ciudades y Aglomeraciones,Usiacuri,3.0
"BOGOTÁ, D.C.","BOGOTÁ, D.C.",11001,7937898,48914.0,1,Ciudades y Aglomeraciones,"Bogota, D.c.",0.0
CARTAGENA,BOLÍVAR,13001,1065881,17821.0,1,Ciudades y Aglomeraciones,Cartagena De Indias,3.0
ACHÍ,BOLÍVAR,13006,27510,289.0,3,Rural,Achi,3.0
ALTOS DEL ROSARIO,BOLÍVAR,13030,12279,404.0,3,Rural,Altos Del Rosario,3.0
ARENAL,BOLÍVAR,13042,8051,174.0,3,Rural,Arenal,3.0
ARJONA,BOLÍVAR,13052,76455,1301.0,1,Ciudades y Aglomeraciones,Arjona,3.0
ARROYOHONDO,BOLÍVAR,13062,8872,542.0,2,Intermedio,Arroyohondo,3.0
BARRANCO DE LOBA,BOLÍVAR,13074,16421,381.0,3,Rural,Barranco De Loba,3.0
CALAMAR,BOLÍVAR,13140,24982,979.0,2,Intermedio,Calamar,3.0
CANTAGALLO,BOLÍVAR,13160,9148,104.0,3,Rural,Cantagallo,3.0
CICUCO,BOLÍVAR,13188,14845,1115.0,1,Ciudades y Aglomeraciones,Cicuco,3.0
CÓRDOBA,BOLÍVAR,13212,17685,296.0,3,Rural,Cordoba,3.0
CLEMENCIA,BOLÍVAR,13222,16365,1918.0,1,Ciudades y Aglomeraciones,Clemencia,3.0
EL CARMEN DE BOLÍVAR,BOLÍVAR,13244,77061,815.0,2,Intermedio,El Carmen De Bolivar,3.0
EL GUAMO,BOLÍVAR,13248,9549,249.0,3,Rural,El Guamo,3.0
EL PEÑÓN,BOLÍVAR,13268,8209,257.0,3,Rural,El Penon,3.0
HATILLO DE LOBA,BOLÍVAR,13300,13353,687.0,2,Intermedio,Hatillo De Loba,3.0
MAGANGUÉ,BOLÍVAR,13430,147190,1303.0,1,Ciudades y Aglomeraciones,Magangue,3.0
MAHATES,BOLÍVAR,13433,30573,707.0,2,Intermedio,Mahates,3.0
MARGARITA,BOLÍVAR,13440,11883,405.0,3,Rural,Margarita,3.0
MARÍA LA BAJA,BOLÍVAR,13442,51264,914.0,2,Intermedio,Maria La Baja,3.0
MONTECRISTO,BOLÍVAR,13458,18500,88.0,4,Rural Disperso,Montecristo,3.0
MOMPÓS,BOLÍVAR,13468,49152,754.0,2,Intermedio,Mompos,3.0
MORALES,BOLÍVAR,13473,24959,185.0,3,Rural,Morales,3.0
NOROSÍ,BOLÍVAR,13490,10957,263.0,3,Rural,Norosi,3.0
PINILLOS,BOLÍVAR,13549,26866,346.0,3,Rural,Pinillos,3.0
REGIDOR,BOLÍVAR,13580,7634,416.0,3,Rural,Regidor,3.0
RÍO VIEJO,BOLÍVAR,13600,11617,137.0,3,Rural,Rio Viejo,3.0
SAN CRISTÓBAL,BOLÍVAR,13620,8798,2082.0,1,Ciudades y Aglomeraciones,San Cristobal,3.0
SAN ESTANISLAO,BOLÍVAR,13647,20100,950.0,2,Intermedio,San Estanislao,3.0
SAN FERNANDO,BOLÍVAR,13650,13934,439.0,3,Rural,San Fernando,3.0
SAN JACINTO,BOLÍVAR,13654,26099,589.0,2,Intermedio,San Jacinto,3.0
SAN JACINTO DEL CAUCA,BOLÍVAR,13655,11175,196.0,3,Rural,San Jacinto Del Cauca,3.0
SAN JUAN NEPOMUCENO,BOLÍVAR,13657,40621,644.0,2,Intermedio,San Juan Nepomuceno,3.0
SAN MARTÍN DE LOBA,BOLÍVAR,13667,16176,359.0,3,Rural,San Martin De Loba,3.0
SAN PABLO,BOLÍVAR,13670,29948,148.0,3,Rural,San Pablo,3.0
SANTA CATALINA,BOLÍVAR,13673,16156,935.0,2,Intermedio,Santa Catalina,3.0
SANTA ROSA,BOLÍVAR,13683,23042,1490.0,1,Ciudades y Aglomeraciones,Santa Rosa,3.0
SANTA ROSA DEL SUR,BOLÍVAR,13688,36335,152.0,3,Rural,Santa Rosa Del Sur,3.0
SIMITÍ,BOLÍVAR,13744,20209,149.0,3,Rural,Simiti,3.0
SOPLAVIENTO,BOLÍVAR,13760,11701,1264.0,1,Ciudades y Aglomeraciones,Soplaviento,3.0
TALAIGUA NUEVO,BOLÍVAR,13780,14092,565.0,2,Intermedio,Talaigua Nuevo,3.0
TIQUISIO,BOLÍVAR,13810,19763,259.0,3,Rural,Tiquisio,3.0
TURBACO,BOLÍVAR,13836,116223,5757.0,1,Ciudades y Aglomeraciones,Turbaco,3.0
TURBANÁ,BOLÍVAR,13838,18037,944.0,2,Intermedio,Turbana,3.0
VILLANUEVA,BOLÍVAR,13873,26130,1906.0,1,Ciudades y Aglomeraciones,Villanueva,3.0
ZAMBRANO,BOLÍVAR,13894,12970,420.0,3,Rural,Zambrano,3.0
TUNJA,BOYACÁ,15001,188945,15789.0,1,Ciudades y Aglomeraciones,Tunja,1.0
ALMEIDA,BOYACÁ,15022,2076,360.0,3,Rural,Almeida,2.0
AQUITANIA,BOYACÁ,15047,16648,177.0,3,Rural,Aquitania,2.0
ARCABUCO,BOYACÁ,15051,6392,464.0,3,Rural,Arcabuco,2.0
BELÉN,BOYACÁ,15087,8070,495.0,3,Rural,Belen,2.0
BERBEO,BOYACÁ,15090,1703,294.0,3,Rural,Berbeo,2.0
BETÉITIVA,BOYACÁ,15092,2083,205.0,3,Rural,Beteitiva,2.0
BOAVITA,BOYACÁ,15097,5487,378.0,3,Rural,Boavita,2.0
BOYACÁ,BOYACÁ,15104,5504,1146.0,1,Ciudades y Aglomeraciones,Boyaca,1.0
BRICEÑO,BOYACÁ,15106,2331,361.0,3,Rural,Briceno,2.0
BUENAVISTA,BOYACÁ,15109,4732,430.0,3,Rural,Buenavista,2.0
BUSBANZÁ,BOYACÁ,15114,1219,481.0,3,Rural,Busbanza,2.0
CALDAS,BOYACÁ,15131,3361,426.0,3,Rural,Caldas,2.0
CAMPOHERMOSO,BOYACÁ,15135,3320,111.0,3,Rural,Campohermoso,2.0
CERINZA,BOYACÁ,15162,3991,628.0,2,Intermedio,Cerinza,2.0
CHINAVITA,BOYACÁ,15172,3436,252.0,3,Rural,Chinavita,2.0
CHIQUINQUIRÁ,BOYACÁ,15176,61289,3714.0,1,Ciudades y Aglomeraciones,Chiquinquira,1.0
CHISCAS,BOYACÁ,15180,4234,64.0,4,Rural Disperso,Chiscas,3.0
CHITA,BOYACÁ,15183,8475,125.0,3,Rural,Chita,2.0
CHITARAQUE,BOYACÁ,15185,6306,398.0,3,Rural,Chitaraque,2.0
CHIVATÁ,BOYACÁ,15187,3012,608.0,2,Intermedio,Chivata,2.0
CIÉNEGA,BOYACÁ,15189,5007,928.0,2,Intermedio,Cienega,2.0
CÓMBITA,BOYACÁ,15204,14183,976.0,2,Intermedio,Combita,2.0
COPER,BOYACÁ,15212,3881,259.0,3,Rural,Coper,2.0
CORRALES,BOYACÁ,15215,2698,444.0,3,Rural,Corrales,2.0
COVARACHÍA,BOYACÁ,15218,2967,290.0,3,Rural,Covarachia,2.0
CUBARÁ,BOYACÁ,15223,11392,97.0,4,Rural Disperso,Cubara,3.0
CUCAITA,BOYACÁ,15224,4047,961.0,2,Intermedio,Cucaita,2.0
CUÍTIVA,BOYACÁ,15226,1944,441.0,3,Rural,Cuitiva,2.0
CHÍQUIZA,BOYACÁ,15232,5061,434.0,3,Rural,Chiquiza,2.0
CHIVOR,BOYACÁ,15236,2698,248.0,3,Rural,Chivor,3.0
DUITAMA,BOYACÁ,15238,134091,5732.0,1,Ciudades y Aglomeraciones,Duitama,1.0
EL COCUY,BOYACÁ,15244,4477,188.0,3,Rural,El Cocuy,2.0
EL ESPINO,BOYACÁ,15248,3269,471.0,3,Rural,El Espino,2.0
FIRAVITOBA,BOYACÁ,15272,7261,664.0,2,Intermedio,Firavitoba,2.0
FLORESTA,BOYACÁ,15276,3493,397.0,3,Rural,Floresta,2.0
GACHANTIVÁ,BOYACÁ,15293,3009,341.0,3,Rural,Gachantiva,2.0
GÁMEZA,BOYACÁ,15296,5203,421.0,3,Rural,Gameza,2.0
GARAGOA,BOYACÁ,15299,19582,1012.0,1,Ciudades y Aglomeraciones,Garagoa,1.0
GUACAMAYAS,BOYACÁ,15317,1983,344.0,3,Rural,Guacamayas,2.0
GUATEQUE,BOYACÁ,15322,11631,3219.0,1,Ciudades y Aglomeraciones,Guateque,1.0
GUAYATÁ,BOYACÁ,15325,3579,358.0,3,Rural,Guayata,2.0
GÜICÁN DE LA SIERRA,BOYACÁ,15332,4570,48.0,4,Rural Disperso,Guican De La Sierra,3.0
IZA,BOYACÁ,15362,2125,621.0,2,Intermedio,Iza,2.0
JENESANO,BOYACÁ,15367,7829,1327.0,1,Ciudades y Aglomeraciones,Jenesano,1.0
JERICÓ,BOYACÁ,15368,4208,320.0,3,Rural,Jerico,2.0
LABRANZAGRANDE,BOYACÁ,15377,3755,65.0,4,Rural Disperso,Labranzagrande,3.0
LA CAPILLA,BOYACÁ,15380,2882,506.0,2,Intermedio,La Capilla,2.0
LA VICTORIA,BOYACÁ,15401,1202,429.0,3,Rural,La Victoria,2.0
LA UVITA,BOYACÁ,15403,3246,201.0,3,Rural,La Uvita,2.0
VILLA DE LEYVA,BOYACÁ,15407,17787,1405.0,1,Ciudades y Aglomeraciones,Villa De Leyva,1.0
MACANAL,BOYACÁ,15425,5396,270.0,3,Rural,Macanal,2.0
MARIPÍ,BOYACÁ,15442,6147,383.0,3,Rural,Maripi,2.0
MIRAFLORES,BOYACÁ,15455,9575,370.0,3,Rural,Miraflores,2.0
MONGUA,BOYACÁ,15464,4980,138.0,3,Rural,Mongua,2.0
MONGUÍ,BOYACÁ,15466,4527,658.0,2,Intermedio,Mongui,2.0
MONIQUIRÁ,BOYACÁ,15469,24596,1127.0,1,Ciudades y Aglomeraciones,Moniquira,1.0
MOTAVITA,BOYACÁ,15476,6072,1011.0,1,Ciudades y Aglomeraciones,Motavita,1.0
MUZO,BOYACÁ,15480,9186,666.0,2,Intermedio,Muzo,2.0
NOBSA,BOYACÁ,15491,17500,3159.0,1,Ciudades y Aglomeraciones,Nobsa,1.0
NUEVO COLÓN,BOYACÁ,15494,5538,1078.0,1,Ciudades y Aglomeraciones,Nuevo Colon,1.0
OICATÁ,BOYACÁ,15500,3085,512.0,2,Intermedio,Oicata,2.0
OTANCHE,BOYACÁ,15507,8699,183.0,3,Rural,Otanche,2.0
PACHAVITA,BOYACÁ,15511,2637,395.0,3,Rural,Pachavita,2.0
PÁEZ,BOYACÁ,15514,3499,103.0,3,Rural,Paez,2.0
PAIPA,BOYACÁ,15516,36778,1206.0,1,Ciudades y Aglomeraciones,Paipa,1.0
PAJARITO,BOYACÁ,15518,2560,82.0,4,Rural Disperso,Pajarito,3.0
PANQUEBA,BOYACÁ,15522,1845,465.0,3,Rural,Panqueba,2.0
PAUNA,BOYACÁ,15531,7689,304.0,3,Rural,Pauna,2.0
PAYA,BOYACÁ,15533,2812,63.0,4,Rural Disperso,Paya,3.0
PAZ DE RÍO,BOYACÁ,15537,4560,372.0,3,Rural,Paz De Rio,2.0
PESCA,BOYACÁ,15542,7256,276.0,3,Rural,Pesca,2.0
PISBA,BOYACÁ,15550,1899,41.0,4,Rural Disperso,Pisba,3.0
PUERTO BOYACÁ,BOYACÁ,15572,51143,338.0,3,Rural,Puerto Boyaca,2.0
QUÍPAMA,BOYACÁ,15580,5308,317.0,3,Rural,Quipama,2.0
RAMIRIQUÍ,BOYACÁ,15599,10743,855.0,2,Intermedio,Ramiriqui,2.0
RÁQUIRA,BOYACÁ,15600,8618,391.0,3,Rural,Raquira,2.0
RONDÓN,BOYACÁ,15621,2564,124.0,3,Rural,Rondon,2.0
SABOYÁ,BOYACÁ,15632,14765,594.0,2,Intermedio,Saboya,2.0
SÁCHICA,BOYACÁ,15638,5989,937.0,2,Intermedio,Sachica,2.0
SAMACÁ,BOYACÁ,15646,20038,1196.0,1,Ciudades y Aglomeraciones,Samaca,1.0
SAN EDUARDO,BOYACÁ,15660,1793,164.0,3,Rural,San Eduardo,2.0
SAN JOSÉ DE PARE,BOYACÁ,15664,5380,723.0,2,Intermedio,San Jose De Pare,2.0
SAN LUIS DE GACENO,BOYACÁ,15667,5919,126.0,3,Rural,San Luis De Gaceno,2.0
SAN MATEO,BOYACÁ,15673,3606,291.0,3,Rural,San Mateo,2.0
SAN MIGUEL DE SEMA,BOYACÁ,15676,3228,343.0,3,Rural,San Miguel De Sema,2.0
SAN PABLO DE BORBUR,BOYACÁ,15681,7166,366.0,3,Rural,San Pablo De Borbur,2.0
SANTANA,BOYACÁ,15686,8230,1211.0,1,Ciudades y Aglomeraciones,Santana,1.0
SANTA MARÍA,BOYACÁ,15690,3767,122.0,3,Rural,Santa Maria,2.0
SANTA ROSA DE VITERBO,BOYACÁ,15693,14257,1222.0,1,Ciudades y Aglomeraciones,Santa Rosa De Viterbo,1.0
SANTA SOFÍA,BOYACÁ,15696,3442,444.0,3,Rural,Santa Sofia,2.0
SATIVANORTE,BOYACÁ,15720,2347,146.0,3,Rural,Sativanorte,2.0
SATIVASUR,BOYACÁ,15723,1177,215.0,3,Rural,Sativasur,2.0
SIACHOQUE,BOYACÁ,15740,7275,610.0,2,Intermedio,Siachoque,2.0
SOATÁ,BOYACÁ,15753,9597,780.0,2,Intermedio,Soata,2.0
SOCOTÁ,BOYACÁ,15755,7770,129.0,3,Rural,Socota,2.0
SOCHA,BOYACÁ,15757,8592,573.0,2,Intermedio,Socha,2.0
SOGAMOSO,BOYACÁ,15759,139021,6677.0,1,Ciudades y Aglomeraciones,Sogamoso,1.0
SOMONDOCO,BOYACÁ,15761,3096,527.0,2,Intermedio,Somondoco,2.0
SORA,BOYACÁ,15762,3292,688.0,2,Intermedio,Sora,2.0
SOTAQUIRÁ,BOYACÁ,15763,8876,311.0,3,Rural,Sotaquira,2.0
SORACÁ,BOYACÁ,15764,6481,1163.0,1,Ciudades y Aglomeraciones,Soraca,1.0
SUSACÓN,BOYACÁ,15774,2882,158.0,3,Rural,Susacon,2.0
SUTAMARCHÁN,BOYACÁ,15776,6648,642.0,2,Intermedio,Sutamarchan,2.0
SUTATENZA,BOYACÁ,15778,4575,1113.0,1,Ciudades y Aglomeraciones,Sutatenza,1.0
TASCO,BOYACÁ,15790,6289,300.0,3,Rural,Tasco,2.0
TENZA,BOYACÁ,15798,4143,903.0,2,Intermedio,Tenza,2.0
TIBANÁ,BOYACÁ,15804,9781,803.0,2,Intermedio,Tibana,2.0
TIBASOSA,BOYACÁ,15806,14184,1513.0,1,Ciudades y Aglomeraciones,Tibasosa,1.0
TINJACÁ,BOYACÁ,15808,3563,447.0,3,Rural,Tinjaca,2.0
TIPACOQUE,BOYACÁ,15810,3548,493.0,3,Rural,Tipacoque,2.0
TOCA,BOYACÁ,15814,9540,567.0,2,Intermedio,Toca,2.0
TOGÜÍ,BOYACÁ,15816,4659,459.0,3,Rural,Togui,2.0
TÓPAGA,BOYACÁ,15820,3906,1162.0,1,Ciudades y Aglomeraciones,Topaga,1.0
TOTA,BOYACÁ,15822,5627,287.0,3,Rural,Tota,2.0
TUNUNGUÁ,BOYACÁ,15832,1645,563.0,2,Intermedio,Tunungua,2.0
TURMEQUÉ,BOYACÁ,15835,6598,828.0,2,Intermedio,Turmeque,2.0
TUTA,BOYACÁ,15837,9008,544.0,2,Intermedio,Tuta,2.0
TUTAZÁ,BOYACÁ,15839,2204,181.0,3,Rural,Tutaza,2.0
ÚMBITA,BOYACÁ,15842,8120,556.0,2,Intermedio,Umbita,2.0
VENTAQUEMADA,BOYACÁ,15861,17192,1075.0,1,Ciudades y Aglomeraciones,Ventaquemada,1.0
VIRACACHÁ,BOYACÁ,15879,3024,483.0,3,Rural,Viracacha,2.0
ZETAQUIRA,BOYACÁ,15897,4996,199.0,3,Rural,Zetaquira,2.0
MANIZALES,CALDAS,17001,459262,10420.0,1,Ciudades y Aglomeraciones,Manizales,2.0
AGUADAS,CALDAS,17013,23649,497.0,3,Rural,Aguadas,2.0
ANSERMA,CALDAS,17042,37757,1807.0,1,Ciudades y Aglomeraciones,Anserma,3.0
ARANZAZU,CALDAS,17050,10910,730.0,2,Intermedio,Aranzazu,2.0
BELALCÁZAR,CALDAS,17088,10995,971.0,2,Intermedio,Belalcazar,3.0
CHINCHINÁ,CALDAS,17174,53884,4930.0,1,Ciudades y Aglomeraciones,Chinchina,2.0
FILADELFIA,CALDAS,17272,11779,612.0,2,Intermedio,Filadelfia,2.0
LA DORADA,CALDAS,17380,75837,1381.0,1,Ciudades y Aglomeraciones,La Dorada,2.0
LA MERCED,CALDAS,17388,6312,713.0,2,Intermedio,La Merced,2.0
MANZANARES,CALDAS,17433,18872,954.0,2,Intermedio,Manzanares,2.0
MARMATO,CALDAS,17442,9341,2534.0,1,Ciudades y Aglomeraciones,Marmato,2.0
MARQUETALIA,CALDAS,17444,13763,1524.0,1,Ciudades y Aglomeraciones,Marquetalia,2.0
MARULANDA,CALDAS,17446,2743,73.0,4,Rural Disperso,Marulanda,3.0
NEIRA,CALDAS,17486,21755,589.0,2,Intermedio,Neira,2.0
NORCASIA,CALDAS,17495,6168,271.0,3,Rural,Norcasia,3.0
PÁCORA,CALDAS,17513,15866,617.0,2,Intermedio,Pacora,2.0
PALESTINA,CALDAS,17524,16121,1437.0,1,Ciudades y Aglomeraciones,Palestina,3.0
PENSILVANIA,CALDAS,17541,20450,410.0,3,Rural,Pensilvania,3.0
RIOSUCIO,CALDAS,17614,54360,1416.0,1,Ciudades y Aglomeraciones,Riosucio,3.0
RISARALDA,CALDAS,17616,11367,1265.0,1,Ciudades y Aglomeraciones,Risaralda,3.0
SALAMINA,CALDAS,17653,20172,520.0,2,Intermedio,Salamina,2.0
SAMANÁ,CALDAS,17662,21527,284.0,3,Rural,Samana,3.0
SAN JOSÉ,CALDAS,17665,4978,818.0,2,Intermedio,San Jose,2.0
SUPÍA,CALDAS,17777,30136,2480.0,1,Ciudades y Aglomeraciones,Supia,2.0
VICTORIA,CALDAS,17867,10571,189.0,3,Rural,Victoria,2.0
VILLAMARÍA,CALDAS,17873,69415,1526.0,1,Ciudades y Aglomeraciones,Villamaria,2.0
VITERBO,CALDAS,17877,13292,1179.0,1,Ciudades y Aglomeraciones,Viterbo,2.0
FLORENCIA,CAQUETÁ,18001,180323,708.0,2,Intermedio,Florencia,3.0
ALBANIA,CAQUETÁ,18029,4835,117.0,3,Rural,Albania,3.0
BELÉN DE LOS ANDAQUÍES,CAQUETÁ,18094,11644,98.0,4,Rural Disperso,Belen De Los Andaquies,3.0
CARTAGENA DEL CHAIRÁ,CAQUETÁ,18150,33032,26.0,4,Rural Disperso,Cartagena Del Chaira,3.0
CURILLO,CAQUETÁ,18205,8150,204.0,3,Rural,Curillo,3.0
EL DONCELLO,CAQUETÁ,18247,20491,185.0,3,Rural,El Doncello,3.0
EL PAUJÍL,CAQUETÁ,18256,19426,157.0,3,Rural,El Paujil,3.0
LA MONTAÑITA,CAQUETÁ,18410,15695,92.0,4,Rural Disperso,La Montanita,3.0
MILÁN,CAQUETÁ,18460,10421,85.0,4,Rural Disperso,Milan,3.0
MORELIA,CAQUETÁ,18479,3953,86.0,4,Rural Disperso,Morelia,3.0
PUERTO RICO,CAQUETÁ,18592,28084,68.0,4,Rural Disperso,Puerto Rico,3.0
SAN JOSÉ DEL FRAGUA,CAQUETÁ,18610,13886,106.0,3,Rural,San Jose Del Fragua,3.0
SAN VICENTE DEL CAGUÁN,CAQUETÁ,18753,54932,27.0,4,Rural Disperso,San Vicente Del Caguan,3.0
SOLANO,CAQUETÁ,18756,12196,3.0,4,Rural Disperso,Solano,3.0
SOLITA,CAQUETÁ,18785,6421,135.0,3,Rural,Solita,3.0
VALPARAÍSO,CAQUETÁ,18860,7395,56.0,4,Rural Disperso,Valparaiso,3.0
POPAYÁN,CAUCA,19001,346403,7228.0,1,Ciudades y Aglomeraciones,Popayan,2.0
ALMAGUER,CAUCA,19022,19850,841.0,2,Intermedio,Almaguer,2.0
ARGELIA,CAUCA,19050,28420,367.0,3,Rural,Argelia,3.0
BALBOA,CAUCA,19075,22863,555.0,2,Intermedio,Balboa,3.0
BOLÍVAR,CAUCA,19100,40107,504.0,2,Intermedio,Bolivar,2.0
BUENOS AIRES,CAUCA,19110,36190,834.0,2,Intermedio,Buenos Aires,3.0
CAJIBÍO,CAUCA,19130,45481,825.0,2,Intermedio,Cajibio,3.0
CALDONO,CAUCA,19137,43643,1232.0,1,Ciudades y Aglomeraciones,Caldono,3.0
CALOTO,CAUCA,19142,31802,1203.0,1,Ciudades y Aglomeraciones,Caloto,3.0
CORINTO,CAUCA,19212,27394,842.0,2,Intermedio,Corinto,3.0
EL TAMBO,CAUCA,19256,58323,213.0,3,Rural,El Tambo,3.0
FLORENCIA,CAUCA,19290,5572,986.0,2,Intermedio,Florencia,3.0
GUACHENÉ,CAUCA,19300,20785,2068.0,1,Ciudades y Aglomeraciones,Guachene,2.0
GUAPI,CAUCA,19318,29836,117.0,3,Rural,Guapi,3.0
INZÁ,CAUCA,19355,31405,363.0,3,Rural,Inza,2.0
JAMBALÓ,CAUCA,19364,19482,832.0,2,Intermedio,Jambalo,3.0
LA SIERRA,CAUCA,19392,11518,554.0,2,Intermedio,La Sierra,2.0
LA VEGA,CAUCA,19397,26557,516.0,2,Intermedio,La Vega,2.0
LÓPEZ DE MICAY,CAUCA,19418,20176,60.0,4,Rural Disperso,Lopez De Micay,3.0
MERCADERES,CAUCA,19450,25437,366.0,3,Rural,Mercaderes,3.0
MIRANDA,CAUCA,19455,34092,1800.0,1,Ciudades y Aglomeraciones,Miranda,3.0
MORALES,CAUCA,19473,42419,831.0,2,Intermedio,Morales,3.0
PADILLA,CAUCA,19513,10720,1541.0,1,Ciudades y Aglomeraciones,Padilla,2.0
PÁEZ,CAUCA,19517,50082,280.0,3,Rural,Paez,2.0
PATÍA,CAUCA,19532,39800,528.0,2,Intermedio,Patia,3.0
PIAMONTE,CAUCA,19533,9919,90.0,4,Rural Disperso,Piamonte,3.0
PIENDAMÓ - TUNÍA,CAUCA,19548,44400,2454.0,1,Ciudades y Aglomeraciones,Piendamo - Tunia,3.0
PUERTO TEJADA,CAUCA,19573,45047,4135.0,1,Ciudades y Aglomeraciones,Puerto Tejada,2.0
PURACÉ,CAUCA,19585,18804,222.0,3,Rural,Purace,2.0
ROSAS,CAUCA,19622,12393,735.0,2,Intermedio,Rosas,2.0
SAN SEBASTIÁN,CAUCA,19693,11872,284.0,3,Rural,San Sebastian,2.0
SANTANDER DE QUILICHAO,CAUCA,19698,119121,2303.0,1,Ciudades y Aglomeraciones,Santander De Quilichao,3.0
SANTA ROSA,CAUCA,19701,5757,16.0,4,Rural Disperso,Santa Rosa,3.0
SILVIA,CAUCA,19743,40773,600.0,2,Intermedio,Silvia,2.0
SOTARÁ - PAISPAMBA,CAUCA,19760,15164,295.0,3,Rural,Sotara - Paispamba,2.0
SUÁREZ,CAUCA,19780,34402,879.0,2,Intermedio,Suarez,3.0
SUCRE,CAUCA,19785,10163,750.0,2,Intermedio,Sucre,2.0
TIMBÍO,CAUCA,19807,38470,1915.0,1,Ciudades y Aglomeraciones,Timbio,2.0
TIMBIQUÍ,CAUCA,19809,28375,138.0,3,Rural,Timbiqui,3.0
TORIBÍO,CAUCA,19821,37962,772.0,2,Intermedio,Toribio,3.0
TOTORÓ,CAUCA,19824,26832,664.0,2,Intermedio,Totoro,2.0
VILLA RICA,CAUCA,19845,22360,2744.0,1,Ciudades y Aglomeraciones,Villa Rica,2.0
VALLEDUPAR,CESAR,20001,575225,1373.0,1,Ciudades y Aglomeraciones,Valledupar,3.0
AGUACHICA,CESAR,20011,130258,1484.0,1,Ciudades y Aglomeraciones,Aguachica,3.0
AGUSTÍN CODAZZI,CESAR,20013,71966,411.0,3,Rural,Agustin Codazzi,3.0
ASTREA,CESAR,20032,23636,371.0,3,Rural,Astrea,3.0
BECERRIL,CESAR,20045,25570,209.0,3,Rural,Becerril,3.0
BOSCONIA,CESAR,20060,47521,810.0,2,Intermedio,Bosconia,3.0
CHIMICHAGUA,CESAR,20175,40249,292.0,3,Rural,Chimichagua,3.0
CHIRIGUANÁ,CESAR,20178,32749,294.0,3,Rural,Chiriguana,3.0
CURUMANÍ,CESAR,20228,44176,483.0,3,Rural,Curumani,3.0
EL COPEY,CESAR,20238,35502,371.0,3,Rural,El Copey,3.0
EL PASO,CESAR,20250,44223,544.0,2,Intermedio,El Paso,3.0
GAMARRA,CESAR,20295,17686,541.0,2,Intermedio,Gamarra,3.0
GONZÁLEZ,CESAR,20310,4976,682.0,2,Intermedio,Gonzalez,3.0
LA GLORIA,CESAR,20383,20247,252.0,3,Rural,La Gloria,3.0
LA JAGUA DE IBIRICO,CESAR,20400,55073,729.0,2,Intermedio,La Jagua De Ibirico,3.0
MANAURE BALCÓN DEL CESAR,CESAR,20443,11944,874.0,2,Intermedio,Manaure Balcon Del Cesar,3.0
PAILITAS,CESAR,20517,21933,412.0,3,Rural,Pailitas,3.0
PELAYA,CESAR,20550,24516,579.0,2,Intermedio,Pelaya,3.0
PUEBLO BELLO,CESAR,20570,31738,427.0,3,Rural,Pueblo Bello,3.0
RÍO DE ORO,CESAR,20614,19859,361.0,3,Rural,Rio De Oro,3.0
LA PAZ,CESAR,20621,32819,306.0,3,Rural,La Paz,3.0
SAN ALBERTO,CESAR,20710,31090,565.0,2,Intermedio,San Alberto,3.0
SAN DIEGO,CESAR,20750,22369,346.0,3,Rural,San Diego,3.0
SAN MARTÍN,CESAR,20770,31503,317.0,3,Rural,San Martin,3.0
TAMALAMEQUE,CESAR,20787,18031,351.0,3,Rural,Tamalameque,3.0
MONTERÍA,CÓRDOBA,23001,531424,1696.0,1,Ciudades y Aglomeraciones,Monteria,1.0
AYAPEL,CÓRDOBA,23068,49553,252.0,3,Rural,Ayapel,2.0
BUENAVISTA,CÓRDOBA,23079,22969,275.0,3,Rural,Buenavista,2.0
CANALETE,CÓRDOBA,23090,16690,398.0,3,Rural,Canalete,2.0
CERETÉ,CÓRDOBA,23162,115013,3960.0,1,Ciudades y Aglomeraciones,Cerete,1.0
CHIMÁ,CÓRDOBA,23168,19160,592.0,2,Intermedio,Chima,2.0
CHINÚ,CÓRDOBA,23182,52063,832.0,2,Intermedio,Chinu,2.0
CIÉNAGA DE ORO,CÓRDOBA,23189,64223,1002.0,1,Ciudades y Aglomeraciones,Cienaga De Oro,1.0
COTORRA,CÓRDOBA,23300,20741,2353.0,1,Ciudades y Aglomeraciones,Cotorra,1.0
LA APARTADA,CÓRDOBA,23350,15933,555.0,2,Intermedio,La Apartada,2.0
LORICA,CÓRDOBA,23417,119228,1255.0,1,Ciudades y Aglomeraciones,Lorica,1.0
LOS CÓRDOBAS,CÓRDOBA,23419,20509,561.0,2,Intermedio,Los Cordobas,2.0
MOMIL,CÓRDOBA,23464,21271,1341.0,1,Ciudades y Aglomeraciones,Momil,1.0
MONTELÍBANO,CÓRDOBA,23466,87197,563.0,2,Intermedio,Montelibano,3.0
MOÑITOS,CÓRDOBA,23500,32657,1608.0,1,Ciudades y Aglomeraciones,Monitos,1.0
PLANETA RICA,CÓRDOBA,23555,69377,609.0,2,Intermedio,Planeta Rica,2.0
PUEBLO NUEVO,CÓRDOBA,23570,38947,459.0,3,Rural,Pueblo Nuevo,2.0
PUERTO ESCONDIDO,CÓRDOBA,23574,25919,631.0,2,Intermedio,Puerto Escondido,2.0
PUERTO LIBERTADOR,CÓRDOBA,23580,45766,278.0,3,Rural,Puerto Libertador,3.0
PURÍSIMA DE LA CONCEPCIÓN,CÓRDOBA,23586,18734,1592.0,1,Ciudades y Aglomeraciones,Purisima De La Concepcion,1.0
SAHAGÚN,CÓRDOBA,23660,116988,1213.0,1,Ciudades y Aglomeraciones,Sahagun,1.0
SAN ANDRÉS DE SOTAVENTO,CÓRDOBA,23670,51180,2476.0,1,Ciudades y Aglomeraciones,San Andres De Sotavento,1.0
SAN ANTERO,CÓRDOBA,23672,36854,1778.0,1,Ciudades y Aglomeraciones,San Antero,1.0
SAN BERNARDO DEL VIENTO,CÓRDOBA,23675,40391,1282.0,1,Ciudades y Aglomeraciones,San Bernardo Del Viento,1.0
SAN CARLOS,CÓRDOBA,23678,29454,660.0,2,Intermedio,San Carlos,2.0
SAN JOSÉ DE URÉ,CÓRDOBA,23682,14830,282.0,3,Rural,San Jose De Ure,3.0
SAN PELAYO,CÓRDOBA,23686,55444,1246.0,1,Ciudades y Aglomeraciones,San Pelayo,1.0
TIERRALTA,CÓRDOBA,23807,100610,204.0,3,Rural,Tierralta,3.0
TUCHÍN,CÓRDOBA,23815,57361,5396.0,1,Ciudades y Aglomeraciones,Tuchin,1.0
VALENCIA,CÓRDOBA,23855,38850,423.0,3,Rural,Valencia,3.0
AGUA DE DIOS,CUNDINAMARCA,25001,14503,1692.0,1,Ciudades y Aglomeraciones,Agua De Dios,1.0
ALBÁN,CUNDINAMARCA,25019,7978,1569.0,1,Ciudades y Aglomeraciones,Alban,1.0
ANAPOIMA,CUNDINAMARCA,25035,18246,1471.0,1,Ciudades y Aglomeraciones,Anapoima,1.0
ANOLAIMA,CUNDINAMARCA,25040,17043,1409.0,1,Ciudades y Aglomeraciones,Anolaima,1.0
ARBELÁEZ,CUNDINAMARCA,25053,12959,910.0,2,Intermedio,Arbelaez,2.0
BELTRÁN,CUNDINAMARCA,25086,2217,125.0,3,Rural,Beltran,2.0
BITUIMA,CUNDINAMARCA,25095,3004,492.0,3,Rural,Bituima,2.0
BOJACÁ,CUNDINAMARCA,25099,12557,1227.0,1,Ciudades y Aglomeraciones,Bojaca,1.0
CABRERA,CUNDINAMARCA,25120,5866,139.0,3,Rural,Cabrera,3.0
CACHIPAY,CUNDINAMARCA,25123,12348,2310.0,1,Ciudades y Aglomeraciones,Cachipay,1.0
CAJICÁ,CUNDINAMARCA,25126,104598,20557.0,1,Ciudades y Aglomeraciones,Cajica,0.0
CAPARRAPÍ,CUNDINAMARCA,25148,15244,248.0,3,Rural,Caparrapi,2.0
CÁQUEZA,CUNDINAMARCA,25151,21147,1896.0,1,Ciudades y Aglomeraciones,Caqueza,1.0
CARMEN DE CARUPA,CUNDINAMARCA,25154,9285,311.0,3,Rural,Carmen De Carupa,2.0
CHAGUANÍ,CUNDINAMARCA,25168,5111,297.0,3,Rural,Chaguani,3.0
CHÍA,CUNDINAMARCA,25175,168167,20904.0,1,Ciudades y Aglomeraciones,Chia,0.0
CHIPAQUE,CUNDINAMARCA,25178,11715,778.0,2,Intermedio,Chipaque,2.0
CHOACHÍ,CUNDINAMARCA,25181,13519,636.0,2,Intermedio,Choachi,2.0
CHOCONTÁ,CUNDINAMARCA,25183,25682,856.0,2,Intermedio,Choconta,2.0
COGUA,CUNDINAMARCA,25200,27695,2085.0,1,Ciudades y Aglomeraciones,Cogua,0.0
COTA,CUNDINAMARCA,25214,41477,7719.0,1,Ciudades y Aglomeraciones,Cota,0.0
CUCUNUBÁ,CUNDINAMARCA,25224,9477,863.0,2,Intermedio,Cucunuba,2.0
EL COLEGIO,CUNDINAMARCA,25245,29955,2533.0,1,Ciudades y Aglomeraciones,El Colegio,1.0
EL PEÑÓN,CUNDINAMARCA,25258,5665,422.0,3,Rural,El Penon,3.0
EL ROSAL,CUNDINAMARCA,25260,26738,3065.0,1,Ciudades y Aglomeraciones,El Rosal,1.0
FACATATIVÁ,CUNDINAMARCA,25269,177093,11209.0,1,Ciudades y Aglomeraciones,Facatativa,1.0
FÓMEQUE,CUNDINAMARCA,25279,14841,323.0,3,Rural,Fomeque,2.0
FOSCA,CUNDINAMARCA,25281,7068,636.0,2,Intermedio,Fosca,2.0
FUNZA,CUNDINAMARCA,25286,118669,17515.0,1,Ciudades y Aglomeraciones,Funza,0.0
FÚQUENE,CUNDINAMARCA,25288,6002,775.0,2,Intermedio,Fuquene,2.0
FUSAGASUGÁ,CUNDINAMARCA,25290,175589,9054.0,1,Ciudades y Aglomeraciones,Fusagasuga,1.0
GACHALÁ,CUNDINAMARCA,25293,5279,137.0,3,Rural,Gachala,2.0
GACHANCIPÁ,CUNDINAMARCA,25295,21353,4959.0,1,Ciudades y Aglomeraciones,Gachancipa,0.0
GACHETÁ,CUNDINAMARCA,25297,10166,393.0,3,Rural,Gacheta,2.0
GAMA,CUNDINAMARCA,25299,3773,350.0,3,Rural,Gama,2.0
GIRARDOT,CUNDINAMARCA,25307,127078,9765.0,1,Ciudades y Aglomeraciones,Girardot,1.0
GRANADA,CUNDINAMARCA,25312,8708,1435.0,1,Ciudades y Aglomeraciones,Granada,1.0
GUACHETÁ,CUNDINAMARCA,25317,16514,970.0,2,Intermedio,Guacheta,2.0
GUADUAS,CUNDINAMARCA,25320,38181,500.0,2,Intermedio,Guaduas,2.0
GUASCA,CUNDINAMARCA,25322,19120,530.0,2,Intermedio,Guasca,2.0
GUATAQUÍ,CUNDINAMARCA,25324,3534,389.0,3,Rural,Guataqui,2.0
GUATAVITA,CUNDINAMARCA,25326,7840,311.0,3,Rural,Guatavita,2.0
GUAYABAL DE SÍQUIMA,CUNDINAMARCA,25328,5516,892.0,2,Intermedio,Guayabal De Siquima,3.0
GUAYABETAL,CUNDINAMARCA,25335,7763,348.0,3,Rural,Guayabetal,3.0
GUTIÉRREZ,CUNDINAMARCA,25339,4178,92.0,4,Rural Disperso,Gutierrez,3.0
JERUSALÉN,CUNDINAMARCA,25368,2741,124.0,3,Rural,Jerusalen,2.0
JUNÍN,CUNDINAMARCA,25372,7057,205.0,3,Rural,Junin,2.0
LA CALERA,CUNDINAMARCA,25377,37538,1149.0,1,Ciudades y Aglomeraciones,La Calera,1.0
LA MESA,CUNDINAMARCA,25386,41213,2781.0,1,Ciudades y Aglomeraciones,La Mesa,1.0
LA PALMA,CUNDINAMARCA,25394,11494,602.0,2,Intermedio,La Palma,3.0
LA PEÑA,CUNDINAMARCA,25398,7175,559.0,2,Intermedio,La Pena,2.0
LA VEGA,CUNDINAMARCA,25402,21300,1370.0,1,Ciudades y Aglomeraciones,La Vega,1.0
LENGUAZAQUE,CUNDINAMARCA,25407,12486,802.0,2,Intermedio,Lenguazaque,2.0
MACHETÁ,CUNDINAMARCA,25426,7396,323.0,3,Rural,Macheta,2.0
MADRID,CUNDINAMARCA,25430,143167,11968.0,1,Ciudades y Aglomeraciones,Madrid,0.0
MANTA,CUNDINAMARCA,25436,4496,417.0,3,Rural,Manta,2.0
MEDINA,CUNDINAMARCA,25438,9667,81.0,4,Rural Disperso,Medina,3.0
MOSQUERA,CUNDINAMARCA,25473,159527,15058.0,1,Ciudades y Aglomeraciones,Mosquera,0.0
NARIÑO,CUNDINAMARCA,25483,2908,527.0,2,Intermedio,Narino,2.0
NEMOCÓN,CUNDINAMARCA,25486,16563,1684.0,1,Ciudades y Aglomeraciones,Nemocon,0.0
NILO,CUNDINAMARCA,25488,13524,602.0,2,Intermedio,Nilo,2.0
NIMAIMA,CUNDINAMARCA,25489,4392,738.0,2,Intermedio,Nimaima,2.0
NOCAIMA,CUNDINAMARCA,25491,7529,1092.0,1,Ciudades y Aglomeraciones,Nocaima,1.0
VENECIA,CUNDINAMARCA,25506,5179,424.0,3,Rural,Venecia,2.0
PACHO,CUNDINAMARCA,25513,30219,751.0,2,Intermedio,Pacho,2.0
PAIME,CUNDINAMARCA,25518,5033,290.0,3,Rural,Paime,2.0
PANDI,CUNDINAMARCA,25524,6148,858.0,2,Intermedio,Pandi,2.0
PARATEBUENO,CUNDINAMARCA,25530,10470,118.0,3,Rural,Paratebueno,3.0
PASCA,CUNDINAMARCA,25535,11194,412.0,3,Rural,Pasca,2.0
PUERTO SALGAR,CUNDINAMARCA,25572,19352,375.0,3,Rural,Puerto Salgar,2.0
PULÍ,CUNDINAMARCA,25580,4044,205.0,3,Rural,Puli,3.0
QUEBRADANEGRA,CUNDINAMARCA,25592,5766,722.0,2,Intermedio,Quebradanegra,2.0
QUETAME,CUNDINAMARCA,25594,6191,449.0,3,Rural,Quetame,2.0
QUIPILE,CUNDINAMARCA,25596,7590,594.0,2,Intermedio,Quipile,2.0
APULO,CUNDINAMARCA,25599,10162,834.0,2,Intermedio,Apulo,2.0
RICAURTE,CUNDINAMARCA,25612,16295,1270.0,1,Ciudades y Aglomeraciones,Ricaurte,1.0
SAN ANTONIO DEL TEQUENDAMA,CUNDINAMARCA,25645,14706,1660.0,1,Ciudades y Aglomeraciones,San Antonio Del Tequendama,1.0
SAN BERNARDO,CUNDINAMARCA,25649,10304,417.0,3,Rural,San Bernardo,2.0
SAN CAYETANO,CUNDINAMARCA,25653,5901,205.0,3,Rural,San Cayetano,2.0
SAN FRANCISCO,CUNDINAMARCA,25658,13482,1135.0,1,Ciudades y Aglomeraciones,San Francisco,1.0
SAN JUAN DE RIOSECO,CUNDINAMARCA,25662,9988,318.0,3,Rural,San Juan De Rioseco,2.0
SASAIMA,CUNDINAMARCA,25718,13312,1193.0,1,Ciudades y Aglomeraciones,Sasaima,1.0
SESQUILÉ,CUNDINAMARCA,25736,14342,1016.0,1,Ciudades y Aglomeraciones,Sesquile,1.0
SIBATÉ,CUNDINAMARCA,25740,42286,3462.0,1,Ciudades y Aglomeraciones,Sibate,1.0
SILVANIA,CUNDINAMARCA,25743,26959,1658.0,1,Ciudades y Aglomeraciones,Silvania,3.0
SIMIJACA,CUNDINAMARCA,25745,16111,1666.0,1,Ciudades y Aglomeraciones,Simijaca,1.0
SOACHA,CUNDINAMARCA,25754,828947,44223.0,1,Ciudades y Aglomeraciones,Soacha,1.0
SOPÓ,CUNDINAMARCA,25758,32725,2946.0,1,Ciudades y Aglomeraciones,Sopo,0.0
SUBACHOQUE,CUNDINAMARCA,25769,18567,888.0,2,Intermedio,Subachoque,2.0
SUESCA,CUNDINAMARCA,25772,21387,1236.0,1,Ciudades y Aglomeraciones,Suesca,1.0
SUPATÁ,CUNDINAMARCA,25777,6428,493.0,3,Rural,Supata,2.0
SUSA,CUNDINAMARCA,25779,7982,766.0,2,Intermedio,Susa,2.0
SUTATAUSA,CUNDINAMARCA,25781,7357,1134.0,1,Ciudades y Aglomeraciones,Sutatausa,1.0
TABIO,CUNDINAMARCA,25785,27305,3631.0,1,Ciudades y Aglomeraciones,Tabio,0.0
TAUSA,CUNDINAMARCA,25793,9997,495.0,3,Rural,Tausa,2.0
TENA,CUNDINAMARCA,25797,11922,2318.0,1,Ciudades y Aglomeraciones,Tena,1.0
TENJO,CUNDINAMARCA,25799,27644,2421.0,1,Ciudades y Aglomeraciones,Tenjo,0.0
TIBACUY,CUNDINAMARCA,25805,5334,629.0,2,Intermedio,Tibacuy,2.0
TIBIRITA,CUNDINAMARCA,25807,3862,683.0,2,Intermedio,Tibirita,2.0
TOCAIMA,CUNDINAMARCA,25815,19453,791.0,2,Intermedio,Tocaima,2.0
TOCANCIPÁ,CUNDINAMARCA,25817,49642,6778.0,1,Ciudades y Aglomeraciones,Tocancipa,0.0
TOPAIPÍ,CUNDINAMARCA,25823,4996,348.0,3,Rural,Topaipi,3.0
UBALÁ,CUNDINAMARCA,25839,9257,177.0,3,Rural,Ubala,2.0
UBAQUE,CUNDINAMARCA,25841,8231,769.0,2,Intermedio,Ubaque,2.0
VILLA DE SAN DIEGO DE UBATÉ,CUNDINAMARCA,25843,53790,5259.0,1,Ciudades y Aglomeraciones,Villa De San Diego De Ubate,1.0
UNE,CUNDINAMARCA,25845,8569,410.0,3,Rural,Une,2.0
ÚTICA,CUNDINAMARCA,25851,5202,565.0,2,Intermedio,Utica,2.0
VERGARA,CUNDINAMARCA,25862,8304,574.0,2,Intermedio,Vergara,2.0
VIANÍ,CUNDINAMARCA,25867,5380,802.0,2,Intermedio,Viani,2.0
VILLAGÓMEZ,CUNDINAMARCA,25871,2133,339.0,3,Rural,Villagomez,2.0
VILLAPINZÓN,CUNDINAMARCA,25873,21353,944.0,2,Intermedio,Villapinzon,2.0
VILLETA,CUNDINAMARCA,25875,33643,2388.0,1,Ciudades y Aglomeraciones,Villeta,1.0
VIOTÁ,CUNDINAMARCA,25878,16218,806.0,2,Intermedio,Viota,3.0
YACOPÍ,CUNDINAMARCA,25885,14856,155.0,3,Rural,Yacopi,2.0
ZIPACÓN,CUNDINAMARCA,25898,5782,1065.0,1,Ciudades y Aglomeraciones,Zipacon,1.0
ZIPAQUIRÁ,CUNDINAMARCA,25899,165473,8494.0,1,Ciudades y Aglomeraciones,Zipaquira,0.0
QUIBDÓ,CHOCÓ,27001,146875,420.0,3,Rural,Quibdo,3.0
ACANDÍ,CHOCÓ,27006,16096,202.0,3,Rural,Acandi,3.0
ALTO BAUDÓ,CHOCÓ,27025,31745,155.0,3,Rural,Alto Baudo,3.0
ATRATO,CHOCÓ,27050,6962,165.0,3,Rural,Atrato,3.0
BAGADÓ,CHOCÓ,27073,11959,148.0,3,Rural,Bagado,3.0
BAHÍA SOLANO,CHOCÓ,27075,11671,131.0,3,Rural,Bahia Solano,3.0
BAJO BAUDÓ,CHOCÓ,27077,34457,99.0,4,Rural Disperso,Bajo Baudo,3.0
BOJAYÁ,CHOCÓ,27099,13935,38.0,4,Rural Disperso,Bojaya,3.0
EL CANTÓN DEL SAN PABLO,CHOCÓ,27135,7016,185.0,3,Rural,El Canton Del San Pablo,3.0
CARMEN DEL DARIÉN,CHOCÓ,27150,22466,71.0,4,Rural Disperso,Carmen Del Darien,3.0
CÉRTEGUI,CHOCÓ,27160,6302,149.0,3,Rural,Certegui,3.0
CONDOTO,CHOCÓ,27205,14183,304.0,3,Rural,Condoto,3.0
EL CARMEN DE ATRATO,CHOCÓ,27245,9413,114.0,3,Rural,El Carmen De Atrato,3.0
EL LITORAL DEL SAN JUAN,CHOCÓ,27250,25814,63.0,4,Rural Disperso,El Litoral Del San Juan,3.0
ISTMINA,CHOCÓ,27361,34414,183.0,3,Rural,Istmina,3.0
JURADÓ,CHOCÓ,27372,7637,61.0,4,Rural Disperso,Jurado,3.0
LLORÓ,CHOCÓ,27413,10745,128.0,3,Rural,Lloro,3.0
MEDIO ATRATO,CHOCÓ,27425,13100,72.0,4,Rural Disperso,Medio Atrato,3.0
MEDIO BAUDÓ,CHOCÓ,27430,17139,125.0,3,Rural,Medio Baudo,3.0
MEDIO SAN JUAN,CHOCÓ,27450,11945,180.0,3,Rural,Medio San Juan,3.0
NÓVITA,CHOCÓ,27491,10551,112.0,3,Rural,Novita,3.0
NUQUÍ,CHOCÓ,27495,18502,264.0,3,Rural,Nuqui,3.0
RÍO IRÓ,CHOCÓ,27580,5983,184.0,3,Rural,Rio Iro,3.0
RÍO QUITO,CHOCÓ,27600,9296,133.0,3,Rural,Rio Quito,3.0
RIOSUCIO,CHOCÓ,27615,64544,85.0,4,Rural Disperso,Riosucio,3.0
SAN JOSÉ DEL PALMAR,CHOCÓ,27660,5809,37.0,4,Rural Disperso,San Jose Del Palmar,3.0
SIPÍ,CHOCÓ,27745,3664,23.0,4,Rural Disperso,Sipi,3.0
TADÓ,CHOCÓ,27787,20476,287.0,3,Rural,Tado,3.0
UNGUÍA,CHOCÓ,27800,14756,124.0,3,Rural,Unguia,3.0
UNIÓN PANAMERICANA,CHOCÓ,27810,7627,430.0,3,Rural,Union Panamericana,3.0
NEIVA,HUILA,41001,388229,3059.0,1,Ciudades y Aglomeraciones,Neiva,1.0
ACEVEDO,HUILA,41006,27418,526.0,2,Intermedio,Acevedo,3.0
AGRADO,HUILA,41013,9630,352.0,3,Rural,Agrado,2.0
AIPE,HUILA,41016,17715,223.0,3,Rural,Aipe,2.0
ALGECIRAS,HUILA,41020,24605,417.0,3,Rural,Algeciras,3.0
ALTAMIRA,HUILA,41026,4660,258.0,3,Rural,Altamira,2.0
BARAYA,HUILA,41078,9078,116.0,3,Rural,Baraya,3.0
CAMPOALEGRE,HUILA,41132,33882,732.0,2,Intermedio,Campoalegre,2.0
COLOMBIA,HUILA,41206,7866,50.0,4,Rural Disperso,Colombia,3.0
ELÍAS,HUILA,41244,4635,577.0,2,Intermedio,Elias,2.0
GARZÓN,HUILA,41298,79609,1313.0,1,Ciudades y Aglomeraciones,Garzon,1.0
GIGANTE,HUILA,41306,26926,535.0,2,Intermedio,Gigante,2.0
GUADALUPE,HUILA,41319,19729,791.0,2,Intermedio,Guadalupe,2.0
HOBO,HUILA,41349,7927,408.0,3,Rural,Hobo,3.0
ÍQUIRA,HUILA,41357,10179,286.0,3,Rural,Iquira,2.0
ISNOS,HUILA,41359,27847,752.0,2,Intermedio,Isnos,3.0
LA ARGENTINA,HUILA,41378,14218,399.0,3,Rural,La Argentina,2.0
LA PLATA,HUILA,41396,67206,826.0,2,Intermedio,La Plata,2.0
NÁTAGA,HUILA,41483,7117,540.0,2,Intermedio,Nataga,2.0
OPORAPA,HUILA,41503,12843,825.0,2,Intermedio,Oporapa,2.0
PAICOL,HUILA,41518,7247,261.0,3,Rural,Paicol,2.0
PALERMO,HUILA,41524,28899,327.0,3,Rural,Palermo,2.0
PALESTINA,HUILA,41530,12359,628.0,2,Intermedio,Palestina,2.0
PITAL,HUILA,41548,15141,783.0,2,Intermedio,Pital,2.0
PITALITO,HUILA,41551,137170,2178.0,1,Ciudades y Aglomeraciones,Pitalito,1.0
RIVERA,HUILA,41615,26742,1065.0,1,Ciudades y Aglomeraciones,Rivera,1.0
SALADOBLANCO,HUILA,41660,11545,248.0,3,Rural,Saladoblanco,2.0
SAN AGUSTÍN,HUILA,41668,36382,262.0,3,Rural,San Agustin,2.0
SANTA MARÍA,HUILA,41676,11445,337.0,3,Rural,Santa Maria,2.0
SUAZA,HUILA,41770,24108,562.0,2,Intermedio,Suaza,2.0
TARQUI,HUILA,41791,19213,530.0,2,Intermedio,Tarqui,2.0
TESALIA,HUILA,41797,11728,320.0,3,Rural,Tesalia,2.0
TELLO,HUILA,41799,12908,243.0,3,Rural,Tello,3.0
TERUEL,HUILA,41801,8792,187.0,3,Rural,Teruel,2.0
TIMANÁ,HUILA,41807,23943,1290.0,1,Ciudades y Aglomeraciones,Timana,1.0
VILLAVIEJA,HUILA,41872,7979,147.0,3,Rural,Villavieja,2.0
YAGUARÁ,HUILA,41885,8398,252.0,3,Rural,Yaguara,2.0
RIOHACHA,LA GUAJIRA,44001,230407,746.0,2,Intermedio,Riohacha,3.0
ALBANIA,LA GUAJIRA,44035,36376,667.0,2,Intermedio,Albania,3.0
BARRANCAS,LA GUAJIRA,44078,44488,556.0,2,Intermedio,Barrancas,3.0
DIBULLA,LA GUAJIRA,44090,47487,271.0,3,Rural,Dibulla,3.0
DISTRACCIÓN,LA GUAJIRA,44098,15873,685.0,2,Intermedio,Distraccion,3.0
EL MOLINO,LA GUAJIRA,44110,8741,361.0,3,Rural,El Molino,3.0
FONSECA,LA GUAJIRA,44279,51998,1099.0,1,Ciudades y Aglomeraciones,Fonseca,3.0
HATONUEVO,LA GUAJIRA,44378,24792,1156.0,1,Ciudades y Aglomeraciones,Hatonuevo,3.0
LA JAGUA DEL PILAR,LA GUAJIRA,44420,4192,233.0,3,Rural,La Jagua Del Pilar,3.0
MAICAO,LA GUAJIRA,44430,206963,1171.0,1,Ciudades y Aglomeraciones,Maicao,3.0
MANAURE,LA GUAJIRA,44560,99991,618.0,2,Intermedio,Manaure,3.0
SAN JUAN DEL CESAR,LA GUAJIRA,44650,56829,434.0,3,Rural,San Juan Del Cesar,3.0
URIBIA,LA GUAJIRA,44847,198368,252.0,3,Rural,Uribia,3.0
URUMITA,LA GUAJIRA,44855,13016,529.0,2,Intermedio,Urumita,3.0
VILLANUEVA,LA GUAJIRA,44874,34330,1320.0,1,Ciudades y Aglomeraciones,Villanueva,3.0
SANTA MARTA,MAGDALENA,47001,566650,2414.0,1,Ciudades y Aglomeraciones,Santa Marta,3.0
ALGARROBO,MAGDALENA,47030,17989,443.0,3,Rural,Algarrobo,3.0
ARACATACA,MAGDALENA,47053,45859,263.0,3,Rural,Aracataca,3.0
ARIGUANÍ,MAGDALENA,47058,34491,305.0,3,Rural,Ariguani,3.0
CERRO DE SAN ANTONIO,MAGDALENA,47161,11410,644.0,2,Intermedio,Cerro De San Antonio,3.0
CHIVOLO,MAGDALENA,47170,25186,469.0,3,Rural,Chivolo,3.0
CIÉNAGA,MAGDALENA,47189,134841,1018.0,1,Ciudades y Aglomeraciones,Cienaga,3.0
CONCORDIA,MAGDALENA,47205,12035,1099.0,1,Ciudades y Aglomeraciones,Concordia,3.0
EL BANCO,MAGDALENA,47245,74942,920.0,2,Intermedio,El Banco,3.0
EL PIÑÓN,MAGDALENA,47258,25974,466.0,3,Rural,El Pinon,3.0
EL RETÉN,MAGDALENA,47268,22071,842.0,2,Intermedio,El Reten,3.0
FUNDACIÓN,MAGDALENA,47288,75845,780.0,2,Intermedio,Fundacion,3.0
GUAMAL,MAGDALENA,47318,30709,544.0,2,Intermedio,Guamal,3.0
NUEVA GRANADA,MAGDALENA,47460,22571,268.0,3,Rural,Nueva Granada,3.0
PEDRAZA,MAGDALENA,47541,10666,349.0,3,Rural,Pedraza,3.0
PIJIÑO DEL CARMEN,MAGDALENA,47545,13842,209.0,3,Rural,Pijino Del Carmen,3.0
PIVIJAY,MAGDALENA,47551,42579,260.0,3,Rural,Pivijay,3.0
PLATO,MAGDALENA,47555,71294,489.0,3,Rural,Plato,3.0
PUEBLOVIEJO,MAGDALENA,47570,34583,512.0,2,Intermedio,Puebloviejo,3.0
REMOLINO,MAGDALENA,47605,13084,220.0,3,Rural,Remolino,3.0
SABANAS DE SAN ÁNGEL,MAGDALENA,47660,17856,144.0,3,Rural,Sabanas De San Angel,3.0
SALAMINA,MAGDALENA,47675,12258,719.0,2,Intermedio,Salamina,3.0
SAN SEBASTIÁN DE BUENAVISTA,MAGDALENA,47692,22641,517.0,2,Intermedio,San Sebastian De Buenavista,3.0
SAN ZENÓN,MAGDALENA,47703,13629,507.0,2,Intermedio,San Zenon,3.0
SANTA ANA,MAGDALENA,47707,28257,252.0,3,Rural,Santa Ana,3.0
SANTA BÁRBARA DE PINTO,MAGDALENA,47720,11867,240.0,3,Rural,Santa Barbara De Pinto,3.0
SITIONUEVO,MAGDALENA,47745,31194,321.0,3,Rural,Sitionuevo,3.0
TENERIFE,MAGDALENA,47798,15071,306.0,3,Rural,Tenerife,3.0
ZAPAYÁN,MAGDALENA,47960,11118,298.0,3,Rural,Zapayan,3.0
ZONA BANANERA,MAGDALENA,47980,78526,1759.0,1,Ciudades y Aglomeraciones,Zona Bananera,3.0
VILLAVICENCIO,META,50001,593273,4614.0,1,Ciudades y Aglomeraciones,Villavicencio,1.0
ACACÍAS,META,50006,97925,871.0,2,Intermedio,Acacias,2.0
BARRANCA DE UPÍA,META,50110,7266,180.0,3,Rural,Barranca De Upia,3.0
CABUYARO,META,50124,6736,74.0,4,Rural Disperso,Cabuyaro,3.0
CASTILLA LA NUEVA,META,50150,16102,313.0,3,Rural,Castilla La Nueva,2.0
CUBARRAL,META,50223,7946,69.0,4,Rural Disperso,Cubarral,3.0
CUMARAL,META,50226,25518,408.0,3,Rural,Cumaral,2.0
EL CALVARIO,META,50245,1930,71.0,4,Rural Disperso,El Calvario,3.0
EL CASTILLO,META,50251,8768,154.0,3,Rural,El Castillo,3.0
EL DORADO,META,50270,4424,377.0,3,Rural,El Dorado,3.0
FUENTE DE ORO,META,50287,13503,237.0,3,Rural,Fuente De Oro,3.0
GRANADA,META,50313,77074,2213.0,1,Ciudades y Aglomeraciones,Granada,3.0
GUAMAL,META,50318,15783,265.0,3,Rural,Guamal,2.0
MAPIRIPÁN,META,50325,7678,6.0,4,Rural Disperso,Mapiripan,3.0
MESETAS,META,50330,12530,55.0,4,Rural Disperso,Mesetas,3.0
LA MACARENA,META,50350,29573,36.0,4,Rural Disperso,La Macarena,3.0
URIBE,META,50370,10260,16.0,4,Rural Disperso,Uribe,3.0
LEJANÍAS,META,50400,12721,156.0,3,Rural,Lejanias,3.0
PUERTO CONCORDIA,META,50450,9296,75.0,4,Rural Disperso,Puerto Concordia,3.0
PUERTO GAITÁN,META,50568,46689,27.0,4,Rural Disperso,Puerto Gaitan,3.0
PUERTO LÓPEZ,META,50573,33995,49.0,4,Rural Disperso,Puerto Lopez,3.0
PUERTO LLERAS,META,50577,11627,46.0,4,Rural Disperso,Puerto Lleras,3.0
PUERTO RICO,META,50590,13997,41.0,4,Rural Disperso,Puerto Rico,3.0
RESTREPO,META,50606,20430,560.0,2,Intermedio,Restrepo,2.0
SAN CARLOS DE GUAROA,META,50680,13793,171.0,3,Rural,San Carlos De Guaroa,2.0
SAN JUAN DE ARAMA,META,50683,10127,87.0,4,Rural Disperso,San Juan De Arama,3.0
SAN JUANITO,META,50686,1447,59.0,4,Rural Disperso,San Juanito,3.0
SAN MARTÍN,META,50689,30310,51.0,4,Rural Disperso,San Martin,3.0
VISTAHERMOSA,META,50711,19630,41.0,4,Rural Disperso,Vistahermosa,3.0
PASTO,NARIÑO,52001,415937,3795.0,1,Ciudades y Aglomeraciones,Pasto,3.0
ALBÁN,NARIÑO,52019,10113,2626.0,1,Ciudades y Aglomeraciones,Alban,3.0
ALDANA,NARIÑO,52022,7818,1648.0,1,Ciudades y Aglomeraciones,Aldana,3.0
ANCUYA,NARIÑO,52036,9165,1335.0,1,Ciudades y Aglomeraciones,Ancuya,3.0
ARBOLEDA,NARIÑO,52051,9222,1537.0,1,Ciudades y Aglomeraciones,Arboleda,3.0
BARBACOAS,NARIÑO,52079,58878,217.0,3,Rural,Barbacoas,3.0
BELÉN,NARIÑO,52083,6670,1598.0,1,Ciudades y Aglomeraciones,Belen,3.0
BUESACO,NARIÑO,52110,25213,398.0,3,Rural,Buesaco,3.0
COLÓN,NARIÑO,52203,8950,1453.0,1,Ciudades y Aglomeraciones,Colon,3.0
CONSACÁ,NARIÑO,52207,14561,1224.0,1,Ciudades y Aglomeraciones,Consaca,3.0
CONTADERO,NARIÑO,52210,7666,1781.0,1,Ciudades y Aglomeraciones,Contadero,3.0
CÓRDOBA,NARIÑO,52215,16398,540.0,2,Intermedio,Cordoba,3.0
CUASPUD CARLOSAMA,NARIÑO,52224,9753,1715.0,1,Ciudades y Aglomeraciones,Cuaspud Carlosama,3.0
CUMBAL,NARIÑO,52227,38963,428.0,3,Rural,Cumbal,3.0
CUMBITARA,NARIÑO,52233,6232,176.0,3,Rural,Cumbitara,3.0
CHACHAGÜÍ,NARIÑO,52240,16022,1099.0,1,Ciudades y Aglomeraciones,Chachagui,3.0
EL CHARCO,NARIÑO,52250,23396,94.0,4,Rural Disperso,El Charco,3.0
EL PEÑOL,NARIÑO,52254,7804,647.0,2,Intermedio,El Penol,3.0
EL ROSARIO,NARIÑO,52256,13010,251.0,3,Rural,El Rosario,3.0
EL TABLÓN DE GÓMEZ,NARIÑO,52258,15184,496.0,3,Rural,El Tablon De Gomez,3.0
EL TAMBO,NARIÑO,52260,14996,611.0,2,Intermedio,El Tambo,3.0
FUNES,NARIÑO,52287,7566,192.0,3,Rural,Funes,3.0
GUACHUCAL,NARIÑO,52317,20578,1327.0,1,Ciudades y Aglomeraciones,Guachucal,3.0
GUAITARILLA,NARIÑO,52320,12049,1036.0,1,Ciudades y Aglomeraciones,Guaitarilla,3.0
GUALMATÁN,NARIÑO,52323,7445,2494.0,1,Ciudades y Aglomeraciones,Gualmatan,3.0
ILES,NARIÑO,52352,8049,1003.0,1,Ciudades y Aglomeraciones,Iles,3.0
IMUÉS,NARIÑO,52354,8029,986.0,2,Intermedio,Imues,3.0
IPIALES,NARIÑO,52356,122161,780.0,2,Intermedio,Ipiales,3.0
LA CRUZ,NARIÑO,52378,19655,825.0,2,Intermedio,La Cruz,3.0
LA FLORIDA,NARIÑO,52381,10591,780.0,2,Intermedio,La Florida,3.0
LA LLANADA,NARIÑO,52385,6699,275.0,3,Rural,La Llanada,3.0
LA TOLA,NARIÑO,52390,7739,187.0,3,Rural,La Tola,3.0
LA UNIÓN,NARIÑO,52399,33657,2375.0,1,Ciudades y Aglomeraciones,La Union,3.0
LEIVA,NARIÑO,52405,10263,332.0,3,Rural,Leiva,3.0
LINARES,NARIÑO,52411,10651,788.0,2,Intermedio,Linares,3.0
LOS ANDES,NARIÑO,52418,9880,104.0,3,Rural,Los Andes,3.0
MAGÜÍ,NARIÑO,52427,26239,146.0,3,Rural,Magui,3.0
MALLAMA,NARIÑO,52435,9492,168.0,3,Rural,Mallama,3.0
MOSQUERA,NARIÑO,52473,12687,166.0,3,Rural,Mosquera,3.0
NARIÑO,NARIÑO,52480,4594,1821.0,1,Ciudades y Aglomeraciones,Narino,3.0
OLAYA HERRERA,NARIÑO,52490,26611,267.0,3,Rural,Olaya Herrera,3.0
OSPINA,NARIÑO,52506,7475,1157.0,1,Ciudades y Aglomeraciones,Ospina,3.0
FRANCISCO PIZARRO,NARIÑO,52520,15025,288.0,3,Rural,Francisco Pizarro,3.0
POLICARPA,NARIÑO,52540,10435,241.0,3,Rural,Policarpa,3.0
POTOSÍ,NARIÑO,52560,10848,280.0,3,Rural,Potosi,3.0
PROVIDENCIA,NARIÑO,52565,5864,1472.0,1,Ciudades y Aglomeraciones,Providencia,3.0
PUERRES,NARIÑO,52573,8943,256.0,3,Rural,Puerres,3.0
PUPIALES,NARIÑO,52585,18412,1426.0,1,Ciudades y Aglomeraciones,Pupiales,3.0
RICAURTE,NARIÑO,52612,20762,198.0,3,Rural,Ricaurte,3.0
ROBERTO PAYÁN,NARIÑO,52621,13391,92.0,4,Rural Disperso,Roberto Payan,3.0
SAMANIEGO,NARIÑO,52678,30311,503.0,2,Intermedio,Samaniego,3.0
SANDONÁ,NARIÑO,52683,21513,2125.0,1,Ciudades y Aglomeraciones,Sandona,3.0
SAN BERNARDO,NARIÑO,52685,9695,1492.0,1,Ciudades y Aglomeraciones,San Bernardo,3.0
SAN LORENZO,NARIÑO,52687,19508,785.0,2,Intermedio,San Lorenzo,3.0
SAN PABLO,NARIÑO,52693,16047,1438.0,1,Ciudades y Aglomeraciones,San Pablo,3.0
SAN PEDRO DE CARTAGO,NARIÑO,52694,7179,1294.0,1,Ciudades y Aglomeraciones,San Pedro De Cartago,3.0
SANTA BÁRBARA,NARIÑO,52696,14223,117.0,3,Rural,Santa Barbara,3.0
SANTACRUZ,NARIÑO,52699,11413,212.0,3,Rural,Santacruz,3.0
SAPUYES,NARIÑO,52720,7735,672.0,2,Intermedio,Sapuyes,3.0
TAMINANGO,NARIÑO,52786,18726,801.0,2,Intermedio,Taminango,3.0
TANGUA,NARIÑO,52788,14244,656.0,2,Intermedio,Tangua,3.0
SAN ANDRÉS DE TUMACO,NARIÑO,52835,268311,748.0,2,Intermedio,San Andres De Tumaco,3.0
TÚQUERRES,NARIÑO,52838,47092,2185.0,1,Ciudades y Aglomeraciones,Tuquerres,3.0
YACUANQUER,NARIÑO,52885,11543,1127.0,1,Ciudades y Aglomeraciones,Yacuanquer,3.0
SAN JOSÉ DE CÚCUTA,NORTE DE SANTANDER,54001,815891,7201.0,1,Ciudades y Aglomeraciones,San Jose De Cucuta,3.0
ÁBREGO,NORTE DE SANTANDER,54003,36177,262.0,3,Rural,Abrego,3.0
ARBOLEDAS,NORTE DE SANTANDER,54051,11081,243.0,3,Rural,Arboledas,3.0
BOCHALEMA,NORTE DE SANTANDER,54099,9436,554.0,2,Intermedio,Bochalema,3.0
BUCARASICA,NORTE DE SANTANDER,54109,7307,270.0,3,Rural,Bucarasica,3.0
CÁCOTA,NORTE DE SANTANDER,54125,3206,231.0,3,Rural,Cacota,3.0
CÁCHIRA,NORTE DE SANTANDER,54128,12588,204.0,3,Rural,Cachira,3.0
CHINÁCOTA,NORTE DE SANTANDER,54172,19976,1202.0,1,Ciudades y Aglomeraciones,Chinacota,3.0
CHITAGÁ,NORTE DE SANTANDER,54174,13374,113.0,3,Rural,Chitaga,3.0
CONVENCIÓN,NORTE DE SANTANDER,54206,21297,229.0,3,Rural,Convencion,3.0
CUCUTILLA,NORTE DE SANTANDER,54223,9336,249.0,3,Rural,Cucutilla,3.0
DURANIA,NORTE DE SANTANDER,54239,5220,298.0,3,Rural,Durania,3.0
EL CARMEN,NORTE DE SANTANDER,54245,15178,88.0,4,Rural Disperso,El Carmen,3.0
EL TARRA,NORTE DE SANTANDER,54250,23617,336.0,3,Rural,El Tarra,3.0
EL ZULIA,NORTE DE SANTANDER,54261,30948,613.0,2,Intermedio,El Zulia,3.0
GRAMALOTE,NORTE DE SANTANDER,54313,8399,564.0,2,Intermedio,Gramalote,3.0
HACARÍ,NORTE DE SANTANDER,54344,11624,278.0,3,Rural,Hacari,3.0
HERRÁN,NORTE DE SANTANDER,54347,7905,740.0,2,Intermedio,Herran,3.0
LABATECA,NORTE DE SANTANDER,54377,7226,282.0,3,Rural,Labateca,3.0
LA ESPERANZA,NORTE DE SANTANDER,54385,13189,197.0,3,Rural,La Esperanza,3.0
LA PLAYA,NORTE DE SANTANDER,54398,8786,363.0,3,Rural,La Playa,3.0
LOS PATIOS,NORTE DE SANTANDER,54405,104287,8258.0,1,Ciudades y Aglomeraciones,Los Patios,3.0
LOURDES,NORTE DE SANTANDER,54418,4555,526.0,2,Intermedio,Lourdes,3.0
MUTISCUA,NORTE DE SANTANDER,54480,4876,307.0,3,Rural,Mutiscua,3.0
OCAÑA,NORTE DE SANTANDER,54498,135990,2603.0,1,Ciudades y Aglomeraciones,Ocana,3.0
PAMPLONA,NORTE DE SANTANDER,54518,57176,1918.0,1,Ciudades y Aglomeraciones,Pamplona,3.0
PAMPLONITA,NORTE DE SANTANDER,54520,6282,368.0,3,Rural,Pamplonita,3.0
PUERTO SANTANDER,NORTE DE SANTANDER,54553,9935,2212.0,1,Ciudades y Aglomeraciones,Puerto Santander,3.0
RAGONVALIA,NORTE DE SANTANDER,54599,6792,696.0,2,Intermedio,Ragonvalia,3.0
SALAZAR,NORTE DE SANTANDER,54660,11733,238.0,3,Rural,Salazar,3.0
SAN CALIXTO,NORTE DE SANTANDER,54670,14618,367.0,3,Rural,San Calixto,3.0
SAN CAYETANO,NORTE DE SANTANDER,54673,8128,585.0,2,Intermedio,San Cayetano,3.0
SANTIAGO,NORTE DE SANTANDER,54680,3901,226.0,3,Rural,Santiago,3.0
SARDINATA,NORTE DE SANTANDER,54720,29146,199.0,3,Rural,Sardinata,3.0
SILOS,NORTE DE SANTANDER,54743,7153,226.0,3,Rural,Silos,3.0
TEORAMA,NORTE DE SANTANDER,54800,18839,203.0,3,Rural,Teorama,3.0
TIBÚ,NORTE DE SANTANDER,54810,62474,233.0,3,Rural,Tibu,3.0
TOLEDO,NORTE DE SANTANDER,54820,17811,120.0,3,Rural,Toledo,3.0
VILLA CARO,NORTE DE SANTANDER,54871,5778,144.0,3,Rural,Villa Caro,3.0
VILLA DEL ROSARIO,NORTE DE SANTANDER,54874,116757,12733.0,1,Ciudades y Aglomeraciones,Villa Del Rosario,3.0
ARMENIA,QUINDIO,63001,310817,25575.0,1,Ciudades y Aglomeraciones,Armenia,1.0
BUENAVISTA,QUINDIO,63111,3257,848.0,2,Intermedio,Buenavista,2.0
CALARCÁ,QUINDIO,63130,76735,3478.0,1,Ciudades y Aglomeraciones,Calarca,1.0
CIRCASIA,QUINDIO,63190,29789,3301.0,1,Ciudades y Aglomeraciones,Circasia,1.0
CÓRDOBA,QUINDIO,63212,5954,641.0,2,Intermedio,Cordoba,2.0
FILANDIA,QUINDIO,63272,12729,1195.0,1,Ciudades y Aglomeraciones,Filandia,1.0
GÉNOVA,QUINDIO,63302,7809,265.0,3,Rural,Genova,3.0
LA TEBAIDA,QUINDIO,63401,35343,3958.0,1,Ciudades y Aglomeraciones,La Tebaida,1.0
MONTENEGRO,QUINDIO,63470,38619,2594.0,1,Ciudades y Aglomeraciones,Montenegro,1.0
PIJAO,QUINDIO,63548,5487,221.0,3,Rural,Pijao,3.0
QUIMBAYA,QUINDIO,63594,32175,2412.0,1,Ciudades y Aglomeraciones,Quimbaya,1.0
SALENTO,QUINDIO,63690,9846,284.0,3,Rural,Salento,3.0
PEREIRA,RISARALDA,66001,482824,7948.0,1,Ciudades y Aglomeraciones,Pereira,1.0
APÍA,RISARALDA,66045,12645,844.0,2,Intermedio,Apia,2.0
BALBOA,RISARALDA,66075,6525,547.0,2,Intermedio,Balboa,3.0
BELÉN DE UMBRÍA,RISARALDA,66088,25339,1404.0,1,Ciudades y Aglomeraciones,Belen De Umbria,1.0
DOSQUEBRADAS,RISARALDA,66170,226152,32273.0,1,Ciudades y Aglomeraciones,Dosquebradas,1.0
GUÁTICA,RISARALDA,66318,12451,1236.0,1,Ciudades y Aglomeraciones,Guatica,1.0
LA CELIA,RISARALDA,66383,7669,830.0,2,Intermedio,La Celia,2.0
LA VIRGINIA,RISARALDA,66400,28555,8677.0,1,Ciudades y Aglomeraciones,La Virginia,1.0
MARSELLA,RISARALDA,66440,17240,1156.0,1,Ciudades y Aglomeraciones,Marsella,1.0
MISTRATÓ,RISARALDA,66456,17587,312.0,3,Rural,Mistrato,3.0
PUEBLO RICO,RISARALDA,66572,16792,274.0,3,Rural,Pueblo Rico,3.0
QUINCHÍA,RISARALDA,66594,27980,1998.0,1,Ciudades y Aglomeraciones,Quinchia,3.0
SANTA ROSA DE CABAL,RISARALDA,66682,80012,1473.0,1,Ciudades y Aglomeraciones,Santa Rosa De Cabal,1.0
SANTUARIO,RISARALDA,66687,12868,675.0,2,Intermedio,Santuario,2.0
BUCARAMANGA,SANTANDER,68001,623881,40579.0,1,Ciudades y Aglomeraciones,Bucaramanga,2.0
AGUADA,SANTANDER,68013,1958,260.0,3,Rural,Aguada,2.0
ALBANIA,SANTANDER,68020,4352,262.0,3,Rural,Albania,2.0
ARATOCA,SANTANDER,68051,8787,518.0,2,Intermedio,Aratoca,2.0
BARBOSA,SANTANDER,68077,33341,7145.0,1,Ciudades y Aglomeraciones,Barbosa,1.0
BARICHARA,SANTANDER,68079,11242,819.0,2,Intermedio,Barichara,2.0
BARRANCABERMEJA,SANTANDER,68081,217742,1641.0,1,Ciudades y Aglomeraciones,Barrancabermeja,2.0
BETULIA,SANTANDER,68092,6313,146.0,3,Rural,Betulia,2.0
BOLÍVAR,SANTANDER,68101,12000,119.0,3,Rural,Bolivar,3.0
CABRERA,SANTANDER,68121,2046,312.0,3,Rural,Cabrera,2.0
CALIFORNIA,SANTANDER,68132,2275,506.0,2,Intermedio,California,2.0
CAPITANEJO,SANTANDER,68147,5777,678.0,2,Intermedio,Capitanejo,2.0
CARCASÍ,SANTANDER,68152,4494,174.0,3,Rural,Carcasi,2.0
CEPITÁ,SANTANDER,68160,2133,198.0,3,Rural,Cepita,2.0
CERRITO,SANTANDER,68162,7159,170.0,3,Rural,Cerrito,2.0
CHARALÁ,SANTANDER,68167,12924,308.0,3,Rural,Charala,2.0
CHARTA,SANTANDER,68169,3040,240.0,3,Rural,Charta,3.0
CHIMA,SANTANDER,68176,3030,175.0,3,Rural,Chima,2.0
CHIPATÁ,SANTANDER,68179,5399,569.0,2,Intermedio,Chipata,2.0
CIMITARRA,SANTANDER,68190,35979,113.0,3,Rural,Cimitarra,2.0
CONCEPCIÓN,SANTANDER,68207,6086,181.0,3,Rural,Concepcion,2.0
CONFINES,SANTANDER,68209,3272,458.0,3,Rural,Confines,2.0
CONTRATACIÓN,SANTANDER,68211,3896,284.0,3,Rural,Contratacion,2.0
COROMORO,SANTANDER,68217,5334,92.0,4,Rural Disperso,Coromoro,3.0
CURITÍ,SANTANDER,68229,13398,549.0,2,Intermedio,Curiti,2.0
EL CARMEN DE CHUCURI,SANTANDER,68235,22758,246.0,3,Rural,El Carmen De Chucuri,2.0
EL GUACAMAYO,SANTANDER,68245,2291,246.0,3,Rural,El Guacamayo,2.0
EL PEÑÓN,SANTANDER,68250,5443,137.0,3,Rural,El Penon,2.0
EL PLAYÓN,SANTANDER,68255,14313,315.0,3,Rural,El Playon,3.0
ENCINO,SANTANDER,68264,2756,69.0,4,Rural Disperso,Encino,3.0
ENCISO,SANTANDER,68266,3677,492.0,3,Rural,Enciso,2.0
FLORIÁN,SANTANDER,68271,6127,347.0,3,Rural,Florian,2.0
FLORIDABLANCA,SANTANDER,68276,342373,34183.0,1,Ciudades y Aglomeraciones,Floridablanca,2.0
GALÁN,SANTANDER,68296,3059,152.0,3,Rural,Galan,2.0
GÁMBITA,SANTANDER,68298,4251,70.0,4,Rural Disperso,Gambita,3.0
GIRÓN,SANTANDER,68307,176745,3592.0,1,Ciudades y Aglomeraciones,Giron,2.0
GUACA,SANTANDER,68318,6339,210.0,3,Rural,Guaca,2.0
GUADALUPE,SANTANDER,68320,4782,327.0,3,Rural,Guadalupe,2.0
GUAPOTÁ,SANTANDER,68322,2533,376.0,3,Rural,Guapota,2.0
GUAVATÁ,SANTANDER,68324,4484,535.0,2,Intermedio,Guavata,2.0
GÜEPSA,SANTANDER,68327,5441,1804.0,1,Ciudades y Aglomeraciones,Guepsa,2.0
HATO,SANTANDER,68344,2443,145.0,3,Rural,Hato,2.0
JESÚS MARÍA,SANTANDER,68368,3469,387.0,3,Rural,Jesus Maria,2.0
JORDÁN,SANTANDER,68370,1413,354.0,3,Rural,Jordan,2.0
LA BELLEZA,SANTANDER,68377,6727,201.0,3,Rural,La Belleza,3.0
LANDÁZURI,SANTANDER,68385,10782,183.0,3,Rural,Landazuri,3.0
LA PAZ,SANTANDER,68397,5267,185.0,3,Rural,La Paz,2.0
LEBRIJA,SANTANDER,68406,46375,843.0,2,Intermedio,Lebrija,2.0
LOS SANTOS,SANTANDER,68418,15608,538.0,2,Intermedio,Los Santos,2.0
MACARAVITA,SANTANDER,68425,2289,223.0,3,Rural,Macaravita,2.0
MÁLAGA,SANTANDER,68432,21866,3827.0,1,Ciudades y Aglomeraciones,Malaga,2.0
MATANZA,SANTANDER,68444,5377,228.0,3,Rural,Matanza,3.0
MOGOTES,SANTANDER,68464,10966,227.0,3,Rural,Mogotes,2.0
MOLAGAVITA,SANTANDER,68468,4355,241.0,3,Rural,Molagavita,2.0
OCAMONTE,SANTANDER,68498,6252,831.0,2,Intermedio,Ocamonte,2.0
OIBA,SANTANDER,68500,11194,389.0,3,Rural,Oiba,2.0
ONZAGA,SANTANDER,68502,4329,89.0,4,Rural Disperso,Onzaga,3.0
PALMAR,SANTANDER,68522,1501,762.0,2,Intermedio,Palmar,2.0
PALMAS DEL SOCORRO,SANTANDER,68524,2688,459.0,3,Rural,Palmas Del Socorro,2.0
PÁRAMO,SANTANDER,68533,4947,678.0,2,Intermedio,Paramo,2.0
PIEDECUESTA,SANTANDER,68547,193440,3992.0,1,Ciudades y Aglomeraciones,Piedecuesta,2.0
PINCHOTE,SANTANDER,68549,5544,999.0,2,Intermedio,Pinchote,2.0
PUENTE NACIONAL,SANTANDER,68572,15716,624.0,2,Intermedio,Puente Nacional,2.0
PUERTO PARRA,SANTANDER,68573,8003,105.0,3,Rural,Puerto Parra,2.0
PUERTO WILCHES,SANTANDER,68575,36165,240.0,3,Rural,Puerto Wilches,2.0
RIONEGRO,SANTANDER,68615,27283,234.0,3,Rural,Rionegro,3.0
SABANA DE TORRES,SANTANDER,68655,35145,251.0,3,Rural,Sabana De Torres,3.0
SAN ANDRÉS,SANTANDER,68669,9227,328.0,3,Rural,San Andres,2.0
SAN BENITO,SANTANDER,68673,3089,523.0,2,Intermedio,San Benito,2.0
SAN GIL,SANTANDER,68679,64138,4368.0,1,Ciudades y Aglomeraciones,San Gil,2.0
SAN JOAQUÍN,SANTANDER,68682,2325,163.0,3,Rural,San Joaquin,2.0
SAN JOSÉ DE MIRANDA,SANTANDER,68684,4489,596.0,2,Intermedio,San Jose De Miranda,2.0
SAN MIGUEL,SANTANDER,68686,2711,381.0,3,Rural,San Miguel,2.0
SAN VICENTE DE CHUCURÍ,SANTANDER,68689,37031,332.0,3,Rural,San Vicente De Chucuri,2.0
SANTA BÁRBARA,SANTANDER,68705,2532,115.0,3,Rural,Santa Barbara,2.0
SANTA HELENA DEL OPÓN,SANTANDER,68720,3601,96.0,4,Rural Disperso,Santa Helena Del Opon,3.0
SIMACOTA,SANTANDER,68745,10882,120.0,3,Rural,Simacota,2.0
SOCORRO,SANTANDER,68755,36199,2832.0,1,Ciudades y Aglomeraciones,Socorro,2.0
SUAITA,SANTANDER,68770,10783,381.0,3,Rural,Suaita,2.0
SUCRE,SANTANDER,68773,7643,146.0,3,Rural,Sucre,3.0
SURATÁ,SANTANDER,68780,4167,115.0,3,Rural,Surata,3.0
TONA,SANTANDER,68820,7718,233.0,3,Rural,Tona,2.0
VALLE DE SAN JOSÉ,SANTANDER,68855,6444,795.0,2,Intermedio,Valle De San Jose,2.0
VÉLEZ,SANTANDER,68861,26504,592.0,2,Intermedio,Velez,2.0
VETAS,SANTANDER,68867,2388,258.0,3,Rural,Vetas,2.0
VILLANUEVA,SANTANDER,68872,8875,909.0,2,Intermedio,Villanueva,2.0
ZAPATOCA,SANTANDER,68895,10094,277.0,3,Rural,Zapatoca,2.0
SINCELEJO,SUCRE,70001,317629,11351.0,1,Ciudades y Aglomeraciones,Sincelejo,2.0
BUENAVISTA,SUCRE,70110,11469,783.0,2,Intermedio,Buenavista,2.0
CAIMITO,SUCRE,70124,17392,422.0,3,Rural,Caimito,2.0
COLOSÓ,SUCRE,70204,9522,726.0,2,Intermedio,Coloso,3.0
COROZAL,SUCRE,70215,72063,2521.0,1,Ciudades y Aglomeraciones,Corozal,2.0
COVEÑAS,SUCRE,70221,21626,3827.0,1,Ciudades y Aglomeraciones,Covenas,2.0
CHALÁN,SUCRE,70230,4897,585.0,2,Intermedio,Chalan,3.0
EL ROBLE,SUCRE,70233,10551,532.0,2,Intermedio,El Roble,2.0
GALERAS,SUCRE,70235,24801,771.0,2,Intermedio,Galeras,2.0
GUARANDA,SUCRE,70265,19364,535.0,2,Intermedio,Guaranda,2.0
LA UNIÓN,SUCRE,70400,14662,631.0,2,Intermedio,La Union,2.0
LOS PALMITOS,SUCRE,70418,25179,1267.0,1,Ciudades y Aglomeraciones,Los Palmitos,3.0
MAJAGUAL,SUCRE,70429,42660,505.0,2,Intermedio,Majagual,2.0
MORROA,SUCRE,70473,16734,985.0,2,Intermedio,Morroa,3.0
OVEJAS,SUCRE,70508,24361,530.0,2,Intermedio,Ovejas,3.0
PALMITO,SUCRE,70523,16630,953.0,2,Intermedio,Palmito,3.0
SAMPUÉS,SUCRE,70670,53829,2518.0,1,Ciudades y Aglomeraciones,Sampues,2.0
SAN BENITO ABAD,SUCRE,70678,31633,212.0,3,Rural,San Benito Abad,2.0
SAN JUAN DE BETULIA,SUCRE,70702,14615,869.0,2,Intermedio,San Juan De Betulia,2.0
SAN MARCOS,SUCRE,70708,62967,649.0,2,Intermedio,San Marcos,2.0
SAN ONOFRE,SUCRE,70713,57776,559.0,2,Intermedio,San Onofre,3.0
SAN PEDRO,SUCRE,70717,20515,963.0,2,Intermedio,San Pedro,2.0
SAN LUIS DE SINCÉ,SUCRE,70742,33783,807.0,2,Intermedio,San Luis De Since,2.0
SUCRE,SUCRE,70771,33360,295.0,3,Rural,Sucre,2.0
SANTIAGO DE TOLÚ,SUCRE,70820,35167,1163.0,1,Ciudades y Aglomeraciones,Santiago De Tolu,2.0
SAN JOSÉ DE TOLUVIEJO,SUCRE,70823,23641,830.0,2,Intermedio,San Jose De Toluviejo,3.0
IBAGUÉ,TOLIMA,73001,546003,3966.0,1,Ciudades y Aglomeraciones,Ibague,2.0
ALPUJARRA,TOLIMA,73024,4755,95.0,4,Rural Disperso,Alpujarra,3.0
ALVARADO,TOLIMA,73026,9402,273.0,3,Rural,Alvarado,3.0
AMBALEMA,TOLIMA,73030,6929,291.0,3,Rural,Ambalema,2.0
ANZOÁTEGUI,TOLIMA,73043,10639,227.0,3,Rural,Anzoategui,3.0
ARMERO,TOLIMA,73055,13630,309.0,3,Rural,Armero,2.0
ATACO,TOLIMA,73067,20204,199.0,3,Rural,Ataco,3.0
CAJAMARCA,TOLIMA,73124,19520,384.0,3,Rural,Cajamarca,3.0
CARMEN DE APICALÁ,TOLIMA,73148,11267,590.0,2,Intermedio,Carmen De Apicala,2.0
CASABIANCA,TOLIMA,73152,6469,370.0,3,Rural,Casabianca,3.0
CHAPARRAL,TOLIMA,73168,55128,262.0,3,Rural,Chaparral,3.0
COELLO,TOLIMA,73200,8575,250.0,3,Rural,Coello,2.0
COYAIMA,TOLIMA,73217,23736,355.0,3,Rural,Coyaima,2.0
CUNDAY,TOLIMA,73226,8824,174.0,3,Rural,Cunday,2.0
DOLORES,TOLIMA,73236,8701,133.0,3,Rural,Dolores,3.0
ESPINAL,TOLIMA,73268,75639,3494.0,1,Ciudades y Aglomeraciones,Espinal,2.0
FALAN,TOLIMA,73270,8000,441.0,3,Rural,Falan,2.0
FLANDES,TOLIMA,73275,30466,3148.0,1,Ciudades y Aglomeraciones,Flandes,2.0
FRESNO,TOLIMA,73283,32313,1471.0,1,Ciudades y Aglomeraciones,Fresno,2.0
GUAMO,TOLIMA,73319,35079,694.0,2,Intermedio,Guamo,2.0
HERVEO,TOLIMA,73347,7743,240.0,3,Rural,Herveo,3.0
HONDA,TOLIMA,73349,26269,862.0,2,Intermedio,Honda,2.0
ICONONZO,TOLIMA,73352,12700,590.0,2,Intermedio,Icononzo,2.0
LÉRIDA,TOLIMA,73408,18848,693.0,2,Intermedio,Lerida,3.0
LÍBANO,TOLIMA,73411,38239,1355.0,1,Ciudades y Aglomeraciones,Libano,2.0
SAN SEBASTIÁN DE MARIQUITA,TOLIMA,73443,39696,1354.0,1,Ciudades y Aglomeraciones,San Sebastian De Mariquita,2.0
MELGAR,TOLIMA,73449,38299,1894.0,1,Ciudades y Aglomeraciones,Melgar,2.0
MURILLO,TOLIMA,73461,4499,106.0,3,Rural,Murillo,3.0
NATAGAIMA,TOLIMA,73483,14994,174.0,3,Rural,Natagaima,2.0
ORTEGA,TOLIMA,73504,34958,367.0,3,Rural,Ortega,3.0
PALOCABILDO,TOLIMA,73520,9821,1511.0,1,Ciudades y Aglomeraciones,Palocabildo,2.0
PIEDRAS,TOLIMA,73547,7102,200.0,3,Rural,Piedras,2.0
PLANADAS,TOLIMA,73555,27601,157.0,3,Rural,Planadas,3.0
PRADO,TOLIMA,73563,8860,209.0,3,Rural,Prado,3.0
PURIFICACIÓN,TOLIMA,73585,24185,601.0,2,Intermedio,Purificacion,2.0
RIOBLANCO,TOLIMA,73616,23540,115.0,3,Rural,Rioblanco,3.0
RONCESVALLES,TOLIMA,73622,5673,73.0,4,Rural Disperso,Roncesvalles,3.0
ROVIRA,TOLIMA,73624,22594,306.0,3,Rural,Rovira,3.0
SALDAÑA,TOLIMA,73671,15013,777.0,2,Intermedio,Saldana,2.0
SAN ANTONIO,TOLIMA,73675,13592,355.0,3,Rural,San Antonio,3.0
SAN LUIS,TOLIMA,73678,13541,329.0,3,Rural,San Luis,2.0
SANTA ISABEL,TOLIMA,73686,5837,216.0,3,Rural,Santa Isabel,3.0
SUÁREZ,TOLIMA,73770,3973,209.0,3,Rural,Suarez,2.0
VALLE DE SAN JUAN,TOLIMA,73854,5559,281.0,3,Rural,Valle De San Juan,2.0
VENADILLO,TOLIMA,73861,13324,398.0,3,Rural,Venadillo,3.0
VILLAHERMOSA,TOLIMA,73870,9842,353.0,3,Rural,Villahermosa,3.0
VILLARRICA,TOLIMA,73873,5245,122.0,3,Rural,Villarrica,3.0
CALI,VALLE DEL CAUCA,76001,2285099,40663.0,1,Ciudades y Aglomeraciones,Cali,1.0
ALCALÁ,VALLE DEL CAUCA,76020,14929,2396.0,1,Ciudades y Aglomeraciones,Alcala,2.0
ANDALUCÍA,VALLE DEL CAUCA,76036,23054,2090.0,1,Ciudades y Aglomeraciones,Andalucia,2.0
ANSERMANUEVO,VALLE DEL CAUCA,76041,18399,603.0,2,Intermedio,Ansermanuevo,3.0
ARGELIA,VALLE DEL CAUCA,76054,5558,613.0,2,Intermedio,Argelia,3.0
BOLÍVAR,VALLE DEL CAUCA,76100,16496,222.0,3,Rural,Bolivar,3.0
BUENAVENTURA,VALLE DEL CAUCA,76109,324644,517.0,2,Intermedio,Buenaventura,3.0
GUADALAJARA DE BUGA,VALLE DEL CAUCA,76111,133907,1623.0,1,Ciudades y Aglomeraciones,Guadalajara De Buga,2.0
BUGALAGRANDE,VALLE DEL CAUCA,76113,26208,661.0,2,Intermedio,Bugalagrande,2.0
CAICEDONIA,VALLE DEL CAUCA,76122,29646,1777.0,1,Ciudades y Aglomeraciones,Caicedonia,3.0
CALIMA,VALLE DEL CAUCA,76126,19461,246.0,3,Rural,Calima,3.0
CANDELARIA,VALLE DEL CAUCA,76130,94202,3183.0,1,Ciudades y Aglomeraciones,Candelaria,2.0
CARTAGO,VALLE DEL CAUCA,76147,143522,5788.0,1,Ciudades y Aglomeraciones,Cartago,2.0
DAGUA,VALLE DEL CAUCA,76233,49864,545.0,2,Intermedio,Dagua,3.0
EL ÁGUILA,VALLE DEL CAUCA,76243,9185,490.0,3,Rural,El Aguila,3.0
EL CAIRO,VALLE DEL CAUCA,76246,7059,330.0,3,Rural,El Cairo,3.0
EL CERRITO,VALLE DEL CAUCA,76248,58042,1315.0,1,Ciudades y Aglomeraciones,El Cerrito,2.0
EL DOVIO,VALLE DEL CAUCA,76250,9246,393.0,3,Rural,El Dovio,3.0
FLORIDA,VALLE DEL CAUCA,76275,58566,1460.0,1,Ciudades y Aglomeraciones,Florida,3.0
GINEBRA,VALLE DEL CAUCA,76306,25186,938.0,2,Intermedio,Ginebra,2.0
GUACARÍ,VALLE DEL CAUCA,76318,35614,2195.0,1,Ciudades y Aglomeraciones,Guacari,2.0
JAMUNDÍ,VALLE DEL CAUCA,76364,181942,2898.0,1,Ciudades y Aglomeraciones,Jamundi,2.0
LA CUMBRE,VALLE DEL CAUCA,76377,17397,683.0,2,Intermedio,La Cumbre,2.0
LA UNIÓN,VALLE DEL CAUCA,76400,34788,2882.0,1,Ciudades y Aglomeraciones,La Union,2.0
LA VICTORIA,VALLE DEL CAUCA,76403,12511,473.0,3,Rural,La Victoria,2.0
OBANDO,VALLE DEL CAUCA,76497,12663,590.0,2,Intermedio,Obando,2.0
PALMIRA,VALLE DEL CAUCA,76520,359888,3586.0,1,Ciudades y Aglomeraciones,Palmira,2.0
PRADERA,VALLE DEL CAUCA,76563,49487,1389.0,1,Ciudades y Aglomeraciones,Pradera,3.0
RESTREPO,VALLE DEL CAUCA,76606,16596,1212.0,1,Ciudades y Aglomeraciones,Restrepo,2.0
RIOFRÍO,VALLE DEL CAUCA,76616,16014,521.0,2,Intermedio,Riofrio,3.0
ROLDANILLO,VALLE DEL CAUCA,76622,37806,1606.0,1,Ciudades y Aglomeraciones,Roldanillo,3.0
SAN PEDRO,VALLE DEL CAUCA,76670,18196,901.0,2,Intermedio,San Pedro,2.0
SEVILLA,VALLE DEL CAUCA,76736,43890,818.0,2,Intermedio,Sevilla,2.0
TORO,VALLE DEL CAUCA,76823,15013,855.0,2,Intermedio,Toro,2.0
TRUJILLO,VALLE DEL CAUCA,76828,19790,644.0,2,Intermedio,Trujillo,2.0
TULUÁ,VALLE DEL CAUCA,76834,233385,2569.0,1,Ciudades y Aglomeraciones,Tulua,2.0
ULLOA,VALLE DEL CAUCA,76845,5847,1398.0,1,Ciudades y Aglomeraciones,Ulloa,2.0
VERSALLES,VALLE DEL CAUCA,76863,7475,373.0,3,Rural,Versalles,2.0
VIJES,VALLE DEL CAUCA,76869,13324,1183.0,1,Ciudades y Aglomeraciones,Vijes,2.0
YOTOCO,VALLE DEL CAUCA,76890,16466,503.0,2,Intermedio,Yotoco,3.0
YUMBO,VALLE DEL CAUCA,76892,108895,4731.0,1,Ciudades y Aglomeraciones,Yumbo,2.0
ZARZAL,VALLE DEL CAUCA,76895,43252,1177.0,1,Ciudades y Aglomeraciones,Zarzal,2.0
ARAUCA,ARAUCA,81001,101658,176.0,3,Rural,Arauca,3.0
ARAUQUITA,ARAUCA,81065,64172,211.0,3,Rural,Arauquita,3.0
CRAVO NORTE,ARAUCA,81220,4631,9.0,4,Rural Disperso,Cravo Norte,3.0
FORTUL,ARAUCA,81300,24446,211.0,3,Rural,Fortul,3.0
PUERTO RONDÓN,ARAUCA,81591,5290,23.0,4,Rural Disperso,Puerto Rondon,3.0
SARAVENA,ARAUCA,81736,65754,697.0,2,Intermedio,Saravena,3.0
TAME,ARAUCA,81794,54772,101.0,3,Rural,Tame,3.0
YOPAL,CASANARE,85001,196758,793.0,2,Intermedio,Yopal,2.0
AGUAZUL,CASANARE,85010,41758,290.0,3,Rural,Aguazul,3.0
CHÁMEZA,CASANARE,85015,2581,83.0,4,Rural Disperso,Chameza,3.0
HATO COROZAL,CASANARE,85125,14092,26.0,4,Rural Disperso,Hato Corozal,3.0
LA SALINA,CASANARE,85136,1450,73.0,4,Rural Disperso,La Salina,3.0
MANÍ,CASANARE,85139,18551,49.0,4,Rural Disperso,Mani,3.0
MONTERREY,CASANARE,85162,19752,254.0,3,Rural,Monterrey,3.0
NUNCHÍA,CASANARE,85225,10139,92.0,4,Rural Disperso,Nunchia,3.0
OROCUÉ,CASANARE,85230,14280,30.0,4,Rural Disperso,Orocue,3.0
PAZ DE ARIPORO,CASANARE,85250,41591,34.0,4,Rural Disperso,Paz De Ariporo,3.0
PORE,CASANARE,85263,13068,167.0,3,Rural,Pore,3.0
RECETOR,CASANARE,85279,1601,88.0,4,Rural Disperso,Recetor,3.0
SABANALARGA,CASANARE,85300,4156,104.0,3,Rural,Sabanalarga,3.0
SÁCAMA,CASANARE,85315,2413,77.0,4,Rural Disperso,Sacama,3.0
SAN LUIS DE PALENQUE,CASANARE,85325,9135,31.0,4,Rural Disperso,San Luis De Palenque,3.0
TÁMARA,CASANARE,85400,7181,66.0,4,Rural Disperso,Tamara,3.0
TAURAMENA,CASANARE,85410,27184,114.0,3,Rural,Tauramena,3.0
TRINIDAD,CASANARE,85430,15432,52.0,4,Rural Disperso,Trinidad,3.0
VILLANUEVA,CASANARE,85440,40816,490.0,3,Rural,Villanueva,3.0
MOCOA,PUTUMAYO,86001,65894,506.0,2,Intermedio,Mocoa,3.0
COLÓN,PUTUMAYO,86219,5954,929.0,2,Intermedio,Colon,3.0
ORITO,PUTUMAYO,86320,41474,214.0,3,Rural,Orito,3.0
PUERTO ASÍS,PUTUMAYO,86568,74264,264.0,3,Rural,Puerto Asis,3.0
PUERTO CAICEDO,PUTUMAYO,86569,17244,186.0,3,Rural,Puerto Caicedo,3.0
PUERTO GUZMÁN,PUTUMAYO,86571,39052,85.0,4,Rural Disperso,Puerto Guzman,3.0
PUERTO LEGUÍZAMO,PUTUMAYO,86573,33166,30.0,4,Rural Disperso,Puerto Leguizamo,3.0
SIBUNDOY,PUTUMAYO,86749,17211,1765.0,1,Ciudades y Aglomeraciones,Sibundoy,3.0
SAN FRANCISCO,PUTUMAYO,86755,6419,158.0,3,Rural,San Francisco,3.0
SAN MIGUEL,PUTUMAYO,86757,21564,569.0,2,Intermedio,San Miguel,3.0
SANTIAGO,PUTUMAYO,86760,7917,232.0,3,Rural,Santiago,3.0
VALLE DEL GUAMUEZ,PUTUMAYO,86865,36335,447.0,3,Rural,Valle Del Guamuez,3.0
VILLAGARZÓN,PUTUMAYO,86885,27494,197.0,3,Rural,Villagarzon,3.0
SAN ANDRÉS,"ARCHIPIÉLAGO DE SAN ANDRÉS, PROVIDENCIA Y SANTA CATALINA",88001,56241,21058.0,1,Ciudades y Aglomeraciones,San Andres,3.0
PROVIDENCIA,"ARCHIPIÉLAGO DE SAN ANDRÉS, PROVIDENCIA Y SANTA CATALINA",88564,5940,2711.0,1,Ciudades y Aglomeraciones,Providencia,3.0
LETICIA,AMAZONAS,91001,55691,91.0,4,Rural Disperso,Leticia,3.0
EL ENCANTO,AMAZONAS,91263,2172,2.0,4,Rural Disperso,El Encanto,3.0
LA CHORRERA,AMAZONAS,91405,3246,3.0,4,Rural Disperso,La Chorrera,3.0
LA PEDRERA,AMAZONAS,91407,4307,3.0,4,Rural Disperso,La Pedrera,3.0
LA VICTORIA,AMAZONAS,91430,702,5.0,4,Rural Disperso,La Victoria,3.0
MIRITÍ - PARANÁ,AMAZONAS,91460,1963,1.0,4,Rural Disperso,Miriti - Parana,3.0
PUERTO ALEGRÍA,AMAZONAS,91530,803,1.0,4,Rural Disperso,Puerto Alegria,3.0
PUERTO ARICA,AMAZONAS,91536,1119,1.0,4,Rural Disperso,Puerto Arica,3.0
PUERTO NARIÑO,AMAZONAS,91540,11048,73.0,4,Rural Disperso,Puerto Narino,3.0
PUERTO SANTANDER,AMAZONAS,91669,1994,1.0,4,Rural Disperso,Puerto Santander,3.0
TARAPACÁ,AMAZONAS,91798,4435,5.0,4,Rural Disperso,Tarapaca,3.0
INÍRIDA,GUAINÍA,94001,38767,25.0,4,Rural Disperso,Inirida,3.0
BARRANCOMINAS,GUAINÍA,94343,11326,8.0,4,Rural Disperso,Barrancominas,3.0
SAN FELIPE,GUAINÍA,94883,2051,7.0,4,Rural Disperso,San Felipe,3.0
PUERTO COLOMBIA,GUAINÍA,94884,2273,1.0,4,Rural Disperso,Puerto Colombia,3.0
LA GUADALUPE,GUAINÍA,94885,341,3.0,4,Rural Disperso,La Guadalupe,3.0
CACAHUAL,GUAINÍA,94886,1039,5.0,4,Rural Disperso,Cacahual,3.0
PANA PANA,GUAINÍA,94887,2371,2.0,4,Rural Disperso,Pana Pana,3.0
MORICHAL,GUAINÍA,94888,1072,1.0,4,Rural Disperso,Morichal,3.0
SAN JOSÉ DEL GUAVIARE,GUAVIARE,95001,64930,39.0,4,Rural Disperso,San Jose Del Guaviare,3.0
CALAMAR,GUAVIARE,95015,11935,9.0,4,Rural Disperso,Calamar,3.0
EL RETORNO,GUAVIARE,95025,17957,14.0,4,Rural Disperso,El Retorno,3.0
MIRAFLORES,GUAVIARE,95200,8415,7.0,4,Rural Disperso,Miraflores,3.0
MITÚ,VAUPÉS,97001,35749,22.0,4,Rural Disperso,Mitu,3.0
CARURÚ,VAUPÉS,97161,3708,6.0,4,Rural Disperso,Caruru,3.0
PACOA,VAUPÉS,97511,4918,4.0,4,Rural Disperso,Pacoa,3.0
TARAIRA,VAUPÉS,97666,2658,4.0,4,Rural Disperso,Taraira,3.0
PAPUNAHUA,VAUPÉS,97777,844,2.0,4,Rural Disperso,Papunahua,3.0
YAVARATÉ,VAUPÉS,97889,1265,3.0,4,Rural Disperso,Yavarate,3.0
PUERTO CARREÑO,VICHADA,99001,22963,19.0,4,Rural Disperso,Puerto Carreno,3.0
LA PRIMAVERA,VICHADA,99524,11380,6.0,4,Rural Disperso,La Primavera,3.0
SANTA ROSALÍA,VICHADA,99624,4732,13.0,4,Rural Disperso,Santa Rosalia,3.0
CUMARIBO,VICHADA,99773,88392,14.0,4,Rural Disperso,Cumaribo,3.0
